record_date,machine_number,machine_id,machine_name,flags,big_hits,kakuhen_jitan,max_balls,source_day_offset,collected_at
2026-08-11,0155,497,パチンコ レイトつくば 店舗情報 台データ情報,,12,6,1440,2,2026-08-13 08:04:53
2026-08-11,0156,714,パチンコ レイトつくば 店舗情報 台データ情報,,3,1,1230,2,2026-08-13 08:04:56
2026-08-11,0157,1508,パチンコ レイトつくば 店舗情報 台データ情報,,0,0,10,2,2026-08-13 08:05:19
2026-08-11,0158,1567,パチンコ レイトつくば 店舗情報 台データ情報,,8,3,1150,2,2026-08-13 08:05:25
2026-08-11,0159,1359,パチンコ レイトつくば 店舗情報 台データ情報,,23,16,4370,2,2026-08-13 08:05:12
2026-08-11,0160,1356,パチンコ レイトつくば 店舗情報 台データ情報,,18,16,8800,2,2026-08-13 08:05:11
2026-08-11,0161,730,パチンコ レイトつくば 店舗情報 台データ情報,,9,3,1540,2,2026-08-13 08:04:56
2026-08-11,0162,1294,パチンコ レイトつくば 店舗情報 台データ情報,,3,0,430,2,2026-08-13 08:05:08
2026-08-11,0163,1227,パチンコ レイトつくば 店舗情報 台データ情報,,35,26,8100,2,2026-08-13 08:05:06
2026-08-11,0164,1469,パチンコ レイトつくば 店舗情報 台データ情報,,27,23,9110,2,2026-08-13 08:05:16
2026-08-11,0165,1195,パチンコ レイトつくば 店舗情報 台データ情報,,0,0,10,2,2026-08-13 08:05:04
2026-08-11,0166,1779,パチンコ レイトつくば 店舗情報 台データ情報,NEW,12,2,1190,2,2026-08-13 08:05:52
2026-08-11,0167,1196,パチンコ レイトつくば 店舗情報 台データ情報,,3,0,190,2,2026-08-13 08:05:05
2026-08-11,0168,1263,パチンコ レイトつくば 店舗情報 台データ情報,,1,0,370,2,2026-08-13 08:05:08
2026-08-11,0169,1607,パチンコ レイトつくば 店舗情報 台データ情報,,16,15,10990,2,2026-08-13 08:05:27
2026-08-11,0170,1608,パチンコ レイトつくば 店舗情報 台データ情報,,3,1,720,2,2026-08-13 08:05:27
2026-08-11,0171,1780,パチンコ レイトつくば 店舗情報 台データ情報,,1,0,120,2,2026-08-13 08:05:52
2026-08-11,0172,1780,パチンコ レイトつくば 店舗情報 台データ情報,,0,0,10,2,2026-08-13 08:05:52
2026-08-11,0173,845,パチンコ レイトつくば 店舗情報 台データ情報,,13,10,10870,2,2026-08-13 08:04:58
2026-08-11,0174,866,パチンコ レイトつくば 店舗情報 台データ情報,,3,0,280,2,2026-08-13 08:04:59
2026-08-11,0175,1343,パチンコ レイトつくば 店舗情報 台データ情報,,36,31,16150,2,2026-08-13 08:05:09
2026-08-11,0176,1005,パチンコ レイトつくば 店舗情報 台データ情報,,4,0,280,2,2026-08-13 08:05:01
2026-08-11,0177,562,パチンコ レイトつくば 店舗情報 台データ情報,,26,24,20910,2,2026-08-13 08:04:54
2026-08-11,0178,1470,パチンコ レイトつくば 店舗情報 台データ情報,,2,0,290,2,2026-08-13 08:05:17
2026-08-11,0179,452,パチンコ レイトつくば 店舗情報 台データ情報,,0,0,10,2,2026-08-13 08:04:52
2026-08-11,0180,1414,パチンコ レイトつくば 店舗情報 台データ情報,,1,0,280,2,2026-08-13 08:05:13
2026-08-11,0181,1619,パチンコ レイトつくば 店舗情報 台データ情報,,9,8,7320,2,2026-08-13 08:05:33
2026-08-11,0182,1423,パチンコ レイトつくば 店舗情報 台データ情報,,0,0,0,2,2026-08-13 08:05:14
2026-08-11,0183,1620,パチンコ レイトつくば 店舗情報 台データ情報,,1,0,290,2,2026-08-13 08:05:33
2026-08-11,0184,1620,パチンコ レイトつくば 店舗情報 台データ情報,,2,1,700,2,2026-08-13 08:05:33
2026-08-11,0185,1621,パチンコ レイトつくば 店舗情報 台データ情報,,1,0,570,2,2026-08-13 08:05:34
2026-08-11,0186,1707,パチンコ レイトつくば 店舗情報 台データ情報,,2,0,940,2,2026-08-13 08:05:43
2026-08-11,0187,1622,パチンコ レイトつくば 店舗情報 台データ情報,,0,0,10,2,2026-08-13 08:05:34
2026-08-11,0188,1623,パチンコ レイトつくば 店舗情報 台データ情報,,1,0,1420,2,2026-08-13 08:05:35
2026-08-11,0189,1609,パチンコ レイトつくば 店舗情報 台データ情報,,1,0,450,2,2026-08-13 08:05:28
2026-08-11,0190,1610,パチンコ レイトつくば 店舗情報 台データ情報,,10,0,1640,2,2026-08-13 08:05:28
2026-08-11,0191,1611,パチンコ レイトつくば 店舗情報 台データ情報,,4,0,570,2,2026-08-13 08:05:29
2026-08-11,0192,710,パチンコ レイトつくば 店舗情報 台データ情報,,6,3,1700,2,2026-08-13 08:04:55
2026-08-11,0193,1568,パチンコ レイトつくば 店舗情報 台データ情報,,5,0,360,2,2026-08-13 08:05:25
2026-08-11,0194,1009,パチンコ レイトつくば 店舗情報 台データ情報,,17,9,4920,2,2026-08-13 08:05:01
2026-08-11,0195,1779,パチンコ レイトつくば 店舗情報 台データ情報,NEW,22,18,11540,2,2026-08-13 08:05:52
2026-08-11,0196,711,パチンコ レイトつくば 店舗情報 台データ情報,,14,10,2340,2,2026-08-13 08:04:55
2026-08-11,0197,1430,パチンコ レイトつくば 店舗情報 台データ情報,,2,1,1270,2,2026-08-13 08:05:15
2026-08-11,0198,1431,パチンコ レイトつくば 店舗情報 台データ情報,,4,0,250,2,2026-08-13 08:05:15
2026-08-11,0199,1341,パチンコ レイトつくば 店舗情報 台データ情報,,8,6,3320,2,2026-08-13 08:05:09
2026-08-11,0200,1170,パチンコ レイトつくば 店舗情報 台データ情報,,0,0,10,2,2026-08-13 08:05:03
2026-08-11,0201,495,パチンコ レイトつくば 店舗情報 台データ情報,,21,15,5950,2,2026-08-13 08:04:52
2026-08-11,0202,1490,パチンコ レイトつくば 店舗情報 台データ情報,,0,0,10,2,2026-08-13 08:05:18
2026-08-11,0203,1229,パチンコ レイトつくば 店舗情報 台データ情報,,1,0,1440,2,2026-08-13 08:05:06
2026-08-11,0204,1229,パチンコ レイトつくば 店舗情報 台データ情報,,1,0,1360,2,2026-08-13 08:05:06
2026-08-11,0205,1229,パチンコ レイトつくば 店舗情報 台データ情報,,8,5,7680,2,2026-08-13 08:05:06
2026-08-11,0206,1229,パチンコ レイトつくば 店舗情報 台データ情報,,9,8,12200,2,2026-08-13 08:05:06
2026-08-11,0207,1229,パチンコ レイトつくば 店舗情報 台データ情報,,0,0,20,2,2026-08-13 08:05:06
2026-08-11,0208,1229,パチンコ レイトつくば 店舗情報 台データ情報,,5,3,5550,2,2026-08-13 08:05:06
2026-08-11,0209,1229,パチンコ レイトつくば 店舗情報 台データ情報,,0,0,20,2,2026-08-13 08:05:06
2026-08-11,0210,1229,パチンコ レイトつくば 店舗情報 台データ情報,,14,12,9410,2,2026-08-13 08:05:06
2026-08-11,0211,1229,パチンコ レイトつくば 店舗情報 台データ情報,,17,12,14490,2,2026-08-13 08:05:06
2026-08-11,0212,1229,パチンコ レイトつくば 店舗情報 台データ情報,,7,5,7740,2,2026-08-13 08:05:06
2026-08-11,0213,1229,パチンコ レイトつくば 店舗情報 台データ情報,,0,0,10,2,2026-08-13 08:05:06
2026-08-11,0214,1229,パチンコ レイトつくば 店舗情報 台データ情報,,0,0,20,2,2026-08-13 08:05:06
2026-08-11,0215,1229,パチンコ レイトつくば 店舗情報 台データ情報,,5,2,3870,2,2026-08-13 08:05:06
2026-08-11,0216,1229,パチンコ レイトつくば 店舗情報 台データ情報,,6,4,6010,2,2026-08-13 08:05:06
2026-08-11,0217,904,パチンコ レイトつくば 店舗情報 台データ情報,,9,4,1360,2,2026-08-13 08:04:59
2026-08-11,0218,904,パチンコ レイトつくば 店舗情報 台データ情報,,2,1,610,2,2026-08-13 08:04:59
2026-08-11,0219,904,パチンコ レイトつくば 店舗情報 台データ情報,,10,4,1090,2,2026-08-13 08:04:59
2026-08-11,0220,904,パチンコ レイトつくば 店舗情報 台データ情報,,22,15,6060,2,2026-08-13 08:04:59
2026-08-11,0221,102,パチンコ レイトつくば 店舗情報 台データ情報,,0,0,10,2,2026-08-13 08:04:48
2026-08-11,0222,102,パチンコ レイトつくば 店舗情報 台データ情報,,14,10,5070,2,2026-08-13 08:04:48
2026-08-11,0223,102,パチンコ レイトつくば 店舗情報 台データ情報,,7,4,2760,2,2026-08-13 08:04:48
2026-08-11,0224,102,パチンコ レイトつくば 店舗情報 台データ情報,,0,0,0,2,2026-08-13 08:04:48
2026-08-11,0225,102,パチンコ レイトつくば 店舗情報 台データ情報,,2,0,650,2,2026-08-13 08:04:48
2026-08-11,0226,1355,パチンコ レイトつくば 店舗情報 台データ情報,,20,18,11740,2,2026-08-13 08:05:11
2026-08-11,0227,1355,パチンコ レイトつくば 店舗情報 台データ情報,,19,12,5690,2,2026-08-13 08:05:11
2026-08-11,0228,97,パチンコ レイトつくば 店舗情報 台データ情報,,0,0,10,2,2026-08-13 08:04:48
2026-08-11,0229,403,パチンコ レイトつくば 店舗情報 台データ情報,,9,8,5670,2,2026-08-13 08:04:51
2026-08-11,0230,1612,パチンコ レイトつくば 店舗情報 台データ情報,,1,0,540,2,2026-08-13 08:05:29
2026-08-11,0231,1612,パチンコ レイトつくば 店舗情報 台データ情報,,11,8,3350,2,2026-08-13 08:05:29
2026-08-11,0232,1612,パチンコ レイトつくば 店舗情報 台データ情報,,25,14,3930,2,2026-08-13 08:05:29
2026-08-11,0233,1560,パチンコ レイトつくば 店舗情報 台データ情報,,0,0,10,2,2026-08-13 08:05:21
2026-08-11,0234,1560,パチンコ レイトつくば 店舗情報 台データ情報,,5,3,4220,2,2026-08-13 08:05:21
2026-08-11,0235,1560,パチンコ レイトつくば 店舗情報 台データ情報,,0,0,20,2,2026-08-13 08:05:21
2026-08-11,0236,1560,パチンコ レイトつくば 店舗情報 台データ情報,,0,0,10,2,2026-08-13 08:05:21
2026-08-11,0237,1560,パチンコ レイトつくば 店舗情報 台データ情報,,10,7,11580,2,2026-08-13 08:05:21
2026-08-11,0238,1560,パチンコ レイトつくば 店舗情報 台データ情報,,0,0,10,2,2026-08-13 08:05:21
2026-08-11,0239,1229,パチンコ レイトつくば 店舗情報 台データ情報,,3,1,1460,2,2026-08-13 08:05:06
2026-08-11,0240,1229,パチンコ レイトつくば 店舗情報 台データ情報,,0,0,20,2,2026-08-13 08:05:06
2026-08-11,0241,1229,パチンコ レイトつくば 店舗情報 台データ情報,,19,14,19280,2,2026-08-13 08:05:06
2026-08-11,0242,1229,パチンコ レイトつくば 店舗情報 台データ情報,,0,0,20,2,2026-08-13 08:05:06
2026-08-11,0243,1229,パチンコ レイトつくば 店舗情報 台データ情報,,0,0,20,2,2026-08-13 08:05:06
2026-08-11,0244,1229,パチンコ レイトつくば 店舗情報 台データ情報,,11,9,13290,2,2026-08-13 08:05:06
2026-08-11,0245,1229,パチンコ レイトつくば 店舗情報 台データ情報,,0,0,20,2,2026-08-13 08:05:06
2026-08-11,0246,1229,パチンコ レイトつくば 店舗情報 台データ情報,,10,6,9530,2,2026-08-13 08:05:06
2026-08-11,0247,1229,パチンコ レイトつくば 店舗情報 台データ情報,,7,4,6740,2,2026-08-13 08:05:06
2026-08-11,0248,1229,パチンコ レイトつくば 店舗情報 台データ情報,,20,18,24000,2,2026-08-13 08:05:06
2026-08-11,0249,1229,パチンコ レイトつくば 店舗情報 台データ情報,,11,10,13800,2,2026-08-13 08:05:06
2026-08-11,0250,1229,パチンコ レイトつくば 店舗情報 台データ情報,,1,0,1400,2,2026-08-13 08:05:06
2026-08-11,0251,1229,パチンコ レイトつくば 店舗情報 台データ情報,,1,0,1390,2,2026-08-13 08:05:06
2026-08-11,0252,1229,パチンコ レイトつくば 店舗情報 台データ情報,,9,7,11880,2,2026-08-13 08:05:06
2026-08-11,0253,818,パチンコ レイトつくば 店舗情報 台データ情報,,0,0,0,2,2026-08-13 08:04:58
2026-08-11,0254,818,パチンコ レイトつくば 店舗情報 台データ情報,,0,0,0,2,2026-08-13 08:04:58
2026-08-11,0255,818,パチンコ レイトつくば 店舗情報 台データ情報,,0,0,0,2,2026-08-13 08:04:58
2026-08-11,0256,818,パチンコ レイトつくば 店舗情報 台データ情報,,0,0,10,2,2026-08-13 08:04:58
2026-08-11,0257,818,パチンコ レイトつくば 店舗情報 台データ情報,,0,0,10,2,2026-08-13 08:04:58
2026-08-11,0258,818,パチンコ レイトつくば 店舗情報 台データ情報,,0,0,0,2,2026-08-13 08:04:58
2026-08-11,0259,818,パチンコ レイトつくば 店舗情報 台データ情報,,0,0,0,2,2026-08-13 08:04:58
2026-08-11,0260,818,パチンコ レイトつくば 店舗情報 台データ情報,,0,0,0,2,2026-08-13 08:04:58
2026-08-11,0261,818,パチンコ レイトつくば 店舗情報 台データ情報,,0,0,0,2,2026-08-13 08:04:58
2026-08-11,0262,1737,パチンコ レイトつくば 店舗情報 台データ情報,NEW,15,6,4930,2,2026-08-13 08:05:45
2026-08-11,0263,1737,パチンコ レイトつくば 店舗情報 台データ情報,NEW,22,13,9330,2,2026-08-13 08:05:45
2026-08-11,0264,1737,パチンコ レイトつくば 店舗情報 台データ情報,NEW,14,6,3100,2,2026-08-13 08:05:45
2026-08-11,0265,1737,パチンコ レイトつくば 店舗情報 台データ情報,NEW,20,13,9280,2,2026-08-13 08:05:45
2026-08-11,0266,1737,パチンコ レイトつくば 店舗情報 台データ情報,NEW,5,0,300,2,2026-08-13 08:05:45
2026-08-11,0267,956,パチンコ レイトつくば 店舗情報 台データ情報,オススメ,21,14,22870,2,2026-08-13 08:05:00
2026-08-11,0268,956,パチンコ レイトつくば 店舗情報 台データ情報,オススメ,19,18,43300,2,2026-08-13 08:05:00
2026-08-11,0269,956,パチンコ レイトつくば 店舗情報 台データ情報,オススメ,8,0,1410,2,2026-08-13 08:05:00
2026-08-11,0270,956,パチンコ レイトつくば 店舗情報 台データ情報,オススメ,8,0,1410,2,2026-08-13 08:05:00
2026-08-11,0271,956,パチンコ レイトつくば 店舗情報 台データ情報,オススメ,17,12,24980,2,2026-08-13 08:05:00
2026-08-11,0272,956,パチンコ レイトつくば 店舗情報 台データ情報,オススメ,7,3,6990,2,2026-08-13 08:05:00
2026-08-11,0273,956,パチンコ レイトつくば 店舗情報 台データ情報,オススメ,16,3,10200,2,2026-08-13 08:05:00
2026-08-11,0274,956,パチンコ レイトつくば 店舗情報 台データ情報,オススメ,1,0,1400,2,2026-08-13 08:05:00
2026-08-11,0275,956,パチンコ レイトつくば 店舗情報 台データ情報,オススメ,7,3,11240,2,2026-08-13 08:05:00
2026-08-11,0276,956,パチンコ レイトつくば 店舗情報 台データ情報,オススメ,10,4,9790,2,2026-08-13 08:05:00
2026-08-11,0277,956,パチンコ レイトつくば 店舗情報 台データ情報,オススメ,4,0,1400,2,2026-08-13 08:05:00
2026-08-11,0278,956,パチンコ レイトつくば 店舗情報 台データ情報,オススメ,17,3,8820,2,2026-08-13 08:05:00
2026-08-11,0279,956,パチンコ レイトつくば 店舗情報 台データ情報,オススメ,11,6,17940,2,2026-08-13 08:05:00
2026-08-11,0280,956,パチンコ レイトつくば 店舗情報 台データ情報,オススメ,10,2,5490,2,2026-08-13 08:05:00
2026-08-11,0281,956,パチンコ レイトつくば 店舗情報 台データ情報,オススメ,1,0,290,2,2026-08-13 08:05:00
2026-08-11,0282,956,パチンコ レイトつくば 店舗情報 台データ情報,オススメ,4,1,4200,2,2026-08-13 08:05:00
2026-08-11,0283,956,パチンコ レイトつくば 店舗情報 台データ情報,オススメ,22,18,43340,2,2026-08-13 08:05:00
2026-08-11,0284,956,パチンコ レイトつくば 店舗情報 台データ情報,オススメ,3,0,1470,2,2026-08-13 08:05:00
2026-08-11,0285,956,パチンコ レイトつくば 店舗情報 台データ情報,オススメ,8,2,4220,2,2026-08-13 08:05:00
2026-08-11,0286,956,パチンコ レイトつくば 店舗情報 台データ情報,オススメ,16,10,15380,2,2026-08-13 08:05:00
2026-08-11,0287,956,パチンコ レイトつくば 店舗情報 台データ情報,オススメ,9,3,8570,2,2026-08-13 08:05:00
2026-08-11,0288,956,パチンコ レイトつくば 店舗情報 台データ情報,オススメ,2,0,1430,2,2026-08-13 08:05:00
2026-08-11,0289,956,パチンコ レイトつくば 店舗情報 台データ情報,オススメ,15,12,29470,2,2026-08-13 08:05:00
2026-08-11,0290,956,パチンコ レイトつくば 店舗情報 台データ情報,オススメ,2,0,290,2,2026-08-13 08:05:00
2026-08-11,0291,1737,パチンコ レイトつくば 店舗情報 台データ情報,NEW,24,12,11730,2,2026-08-13 08:05:45
2026-08-11,0292,1737,パチンコ レイトつくば 店舗情報 台データ情報,NEW,25,19,23390,2,2026-08-13 08:05:45
2026-08-11,0293,1737,パチンコ レイトつくば 店舗情報 台データ情報,NEW,39,30,36260,2,2026-08-13 08:05:45
2026-08-11,0294,1737,パチンコ レイトつくば 店舗情報 台データ情報,NEW,31,23,23950,2,2026-08-13 08:05:45
2026-08-11,0295,1737,パチンコ レイトつくば 店舗情報 台データ情報,NEW,35,19,28010,2,2026-08-13 08:05:45
2026-08-11,0296,233,パチンコ レイトつくば 店舗情報 台データ情報,,0,0,10,2,2026-08-13 08:04:50
2026-08-11,0297,233,パチンコ レイトつくば 店舗情報 台データ情報,,0,0,10,2,2026-08-13 08:04:50
2026-08-11,0298,233,パチンコ レイトつくば 店舗情報 台データ情報,,0,0,10,2,2026-08-13 08:04:50
2026-08-11,0299,233,パチンコ レイトつくば 店舗情報 台データ情報,,0,0,10,2,2026-08-13 08:04:50
2026-08-11,0300,233,パチンコ レイトつくば 店舗情報 台データ情報,,5,3,5560,2,2026-08-13 08:04:50
2026-08-11,0301,233,パチンコ レイトつくば 店舗情報 台データ情報,,0,0,10,2,2026-08-13 08:04:50
2026-08-11,0302,233,パチンコ レイトつくば 店舗情報 台データ情報,,0,0,10,2,2026-08-13 08:04:50
2026-08-11,0303,233,パチンコ レイトつくば 店舗情報 台データ情報,,0,0,0,2,2026-08-13 08:04:50
2026-08-11,0304,233,パチンコ レイトつくば 店舗情報 台データ情報,,8,6,10100,2,2026-08-13 08:04:50
2026-08-11,0305,1740,パチンコ レイトつくば 店舗情報 台データ情報,NEW,1,0,430,2,2026-08-13 08:05:47
2026-08-11,0306,1740,パチンコ レイトつくば 店舗情報 台データ情報,NEW,3,1,1820,2,2026-08-13 08:05:47
2026-08-11,0307,1705,パチンコ レイトつくば 店舗情報 台データ情報,,0,0,10,2,2026-08-13 08:05:42
2026-08-11,0308,1705,パチンコ レイトつくば 店舗情報 台データ情報,,0,0,0,2,2026-08-13 08:05:42
2026-08-11,0309,1503,パチンコ レイトつくば 店舗情報 台データ情報,,21,20,13850,2,2026-08-13 08:05:18
2026-08-11,0310,1503,パチンコ レイトつくば 店舗情報 台データ情報,,0,0,10,2,2026-08-13 08:05:18
2026-08-11,0311,1503,パチンコ レイトつくば 店舗情報 台データ情報,,1,0,290,2,2026-08-13 08:05:18
2026-08-11,0312,1503,パチンコ レイトつくば 店舗情報 台データ情報,,3,1,1280,2,2026-08-13 08:05:18
2026-08-11,0313,1503,パチンコ レイトつくば 店舗情報 台データ情報,,32,28,13610,2,2026-08-13 08:05:18
2026-08-11,0314,1561,パチンコ レイトつくば 店舗情報 台データ情報,,1,0,290,2,2026-08-13 08:05:22
2026-08-11,0315,1561,パチンコ レイトつくば 店舗情報 台データ情報,,1,0,280,2,2026-08-13 08:05:22
2026-08-11,0316,1561,パチンコ レイトつくば 店舗情報 台データ情報,,0,0,20,2,2026-08-13 08:05:22
2026-08-11,0317,1561,パチンコ レイトつくば 店舗情報 台データ情報,,5,4,5840,2,2026-08-13 08:05:22
2026-08-11,0318,1561,パチンコ レイトつくば 店舗情報 台データ情報,,11,4,8200,2,2026-08-13 08:05:22
2026-08-11,0319,1738,パチンコ レイトつくば 店舗情報 台データ情報,NEW,3,0,2680,2,2026-08-13 08:05:46
2026-08-11,0320,1738,パチンコ レイトつくば 店舗情報 台データ情報,NEW,28,26,37800,2,2026-08-13 08:05:46
2026-08-11,0321,1738,パチンコ レイトつくば 店舗情報 台データ情報,NEW,21,18,25920,2,2026-08-13 08:05:46
2026-08-11,0322,1738,パチンコ レイトつくば 店舗情報 台データ情報,NEW,1,0,1410,2,2026-08-13 08:05:46
2026-08-11,0323,1738,パチンコ レイトつくば 店舗情報 台データ情報,NEW,10,7,11200,2,2026-08-13 08:05:46
2026-08-11,0324,1738,パチンコ レイトつくば 店舗情報 台データ情報,NEW,22,15,21560,2,2026-08-13 08:05:46
2026-08-11,0325,1738,パチンコ レイトつくば 店舗情報 台データ情報,NEW,2,0,1410,2,2026-08-13 08:05:46
2026-08-11,0326,1738,パチンコ レイトつくば 店舗情報 台データ情報,NEW,6,3,5610,2,2026-08-13 08:05:46
2026-08-11,0327,1738,パチンコ レイトつくば 店舗情報 台データ情報,NEW,5,3,5580,2,2026-08-13 08:05:46
2026-08-11,0328,1738,パチンコ レイトつくば 店舗情報 台データ情報,NEW,6,3,5590,2,2026-08-13 08:05:46
2026-08-11,0329,1738,パチンコ レイトつくば 店舗情報 台データ情報,NEW,4,2,5480,2,2026-08-13 08:05:46
2026-08-11,0330,1738,パチンコ レイトつくば 店舗情報 台データ情報,NEW,2,0,1410,2,2026-08-13 08:05:46
2026-08-11,0331,1738,パチンコ レイトつくば 店舗情報 台データ情報,NEW,46,43,62700,2,2026-08-13 08:05:46
2026-08-11,0332,1165,パチンコ レイトつくば 店舗情報 台データ情報,,28,24,31590,2,2026-08-13 08:05:02
2026-08-11,0333,1165,パチンコ レイトつくば 店舗情報 台データ情報,,2,1,2800,2,2026-08-13 08:05:02
2026-08-11,0334,1165,パチンコ レイトつくば 店舗情報 台データ情報,,2,1,2820,2,2026-08-13 08:05:02
2026-08-11,0335,1165,パチンコ レイトつくば 店舗情報 台データ情報,,18,17,25240,2,2026-08-13 08:05:02
2026-08-11,0336,1165,パチンコ レイトつくば 店舗情報 台データ情報,,0,0,10,2,2026-08-13 08:05:02
2026-08-11,0337,1165,パチンコ レイトつくば 店舗情報 台データ情報,,1,0,1400,2,2026-08-13 08:05:02
2026-08-11,0338,1165,パチンコ レイトつくば 店舗情報 台データ情報,,0,0,20,2,2026-08-13 08:05:02
2026-08-11,0339,1165,パチンコ レイトつくば 店舗情報 台データ情報,,0,0,10,2,2026-08-13 08:05:02
2026-08-11,0340,1165,パチンコ レイトつくば 店舗情報 台データ情報,,4,0,2800,2,2026-08-13 08:05:02
2026-08-11,0341,1165,パチンコ レイトつくば 店舗情報 台データ情報,,5,1,2800,2,2026-08-13 08:05:02
2026-08-11,0342,1165,パチンコ レイトつくば 店舗情報 台データ情報,,0,0,10,2,2026-08-13 08:05:02
2026-08-11,0343,1165,パチンコ レイトつくば 店舗情報 台データ情報,,3,1,2810,2,2026-08-13 08:05:02
2026-08-11,0344,1165,パチンコ レイトつくば 店舗情報 台データ情報,,1,0,290,2,2026-08-13 08:05:02
2026-08-11,0345,1188,パチンコ レイトつくば 店舗情報 台データ情報,,4,0,290,2,2026-08-13 08:05:04
2026-08-11,0346,1188,パチンコ レイトつくば 店舗情報 台データ情報,,0,0,10,2,2026-08-13 08:05:04
2026-08-11,0347,1188,パチンコ レイトつくば 店舗情報 台データ情報,,5,0,390,2,2026-08-13 08:05:04
2026-08-11,0348,1188,パチンコ レイトつくば 店舗情報 台データ情報,,1,0,280,2,2026-08-13 08:05:04
2026-08-11,0349,1188,パチンコ レイトつくば 店舗情報 台データ情報,,12,9,12870,2,2026-08-13 08:05:04
2026-08-11,0350,1614,パチンコ レイトつくば 店舗情報 台データ情報,増台,14,12,18210,2,2026-08-13 08:05:30
2026-08-11,0351,1614,パチンコ レイトつくば 店舗情報 台データ情報,増台,18,16,23800,2,2026-08-13 08:05:30
2026-08-11,0352,1614,パチンコ レイトつくば 店舗情報 台データ情報,増台,45,42,60190,2,2026-08-13 08:05:30
2026-08-11,0353,1614,パチンコ レイトつくば 店舗情報 台データ情報,増台,0,0,10,2,2026-08-13 08:05:30
2026-08-11,0354,1614,パチンコ レイトつくば 店舗情報 台データ情報,増台,7,4,7010,2,2026-08-13 08:05:30
2026-08-11,0355,1614,パチンコ レイトつくば 店舗情報 台データ情報,増台,15,10,15420,2,2026-08-13 08:05:30
2026-08-11,0356,1701,パチンコ レイトつくば 店舗情報 台データ情報,,0,0,10,2,2026-08-13 08:05:39
2026-08-11,0357,1701,パチンコ レイトつくば 店舗情報 台データ情報,,0,0,0,2,2026-08-13 08:05:39
2026-08-11,0358,1701,パチンコ レイトつくば 店舗情報 台データ情報,,11,9,13010,2,2026-08-13 08:05:39
2026-08-11,0359,538,パチンコ レイトつくば 店舗情報 台データ情報,,1,0,290,2,2026-08-13 08:04:54
2026-08-11,0360,414,パチンコ レイトつくば 店舗情報 台データ情報,,0,0,10,2,2026-08-13 08:04:51
2026-08-11,0361,1630,パチンコ レイトつくば 店舗情報 台データ情報,,0,0,0,2,2026-08-13 08:05:37
2026-08-11,0362,1631,パチンコ レイトつくば 店舗情報 台データ情報,,1,0,370,2,2026-08-13 08:05:37
2026-08-11,0363,127,パチンコ レイトつくば 店舗情報 台データ情報,,5,4,4880,2,2026-08-13 08:04:49
2026-08-11,0364,1632,パチンコ レイトつくば 店舗情報 台データ情報,,13,10,18280,2,2026-08-13 08:05:38
2026-08-11,0365,993,パチンコ レイトつくば 店舗情報 台データ情報,,0,0,10,2,2026-08-13 08:05:00
2026-08-11,0366,764,パチンコ レイトつくば 店舗情報 台データ情報,,3,2,4210,2,2026-08-13 08:04:57
2026-08-11,0367,1635,パチンコ レイトつくば 店舗情報 台データ情報,,13,10,12900,2,2026-08-13 08:05:38
2026-08-11,0368,104,パチンコ レイトつくば 店舗情報 台データ情報,,0,0,20,2,2026-08-13 08:04:49
2026-08-11,0369,104,パチンコ レイトつくば 店舗情報 台データ情報,,4,2,3190,2,2026-08-13 08:04:49
2026-08-11,0370,104,パチンコ レイトつくば 店舗情報 台データ情報,,0,0,10,2,2026-08-13 08:04:49
2026-08-11,0371,104,パチンコ レイトつくば 店舗情報 台データ情報,,11,9,12920,2,2026-08-13 08:04:49
2026-08-11,0372,1739,パチンコ レイトつくば 店舗情報 台データ情報,NEW,0,0,10,2,2026-08-13 08:05:46
2026-08-11,0373,1739,パチンコ レイトつくば 店舗情報 台データ情報,NEW,0,0,0,2,2026-08-13 08:05:46
2026-08-11,0374,1739,パチンコ レイトつくば 店舗情報 台データ情報,NEW,13,11,16840,2,2026-08-13 08:05:46
2026-08-11,0375,1739,パチンコ レイトつくば 店舗情報 台データ情報,NEW,0,0,0,2,2026-08-13 08:05:46
2026-08-11,0376,1704,パチンコ レイトつくば 店舗情報 台データ情報,,1,0,290,2,2026-08-13 08:05:41
2026-08-11,0377,1704,パチンコ レイトつくば 店舗情報 台データ情報,,1,0,280,2,2026-08-13 08:05:41
2026-08-11,0378,1704,パチンコ レイトつくば 店舗情報 台データ情報,,3,1,1690,2,2026-08-13 08:05:41
2026-08-11,0379,1580,パチンコ レイトつくば 店舗情報 台データ情報,,1,0,200,2,2026-08-13 08:05:26
2026-08-11,0380,1580,パチンコ レイトつくば 店舗情報 台データ情報,,0,0,0,2,2026-08-13 08:05:26
2026-08-11,0381,1527,パチンコ レイトつくば 店舗情報 台データ情報,,0,0,20,2,2026-08-13 08:05:20
2026-08-11,0382,1527,パチンコ レイトつくば 店舗情報 台データ情報,,0,0,0,2,2026-08-13 08:05:20
2026-08-11,0383,1527,パチンコ レイトつくば 店舗情報 台データ情報,,3,0,1580,2,2026-08-13 08:05:20
2026-08-11,0384,1527,パチンコ レイトつくば 店舗情報 台データ情報,,9,8,12600,2,2026-08-13 08:05:20
2026-08-11,0385,1615,パチンコ レイトつくば 店舗情報 台データ情報,,1,0,1410,2,2026-08-13 08:05:31
2026-08-11,0386,1615,パチンコ レイトつくば 店舗情報 台データ情報,,0,0,0,2,2026-08-13 08:05:31
2026-08-11,0387,1562,パチンコ レイトつくば 店舗情報 台データ情報,,1,0,10,2,2026-08-13 08:05:23
2026-08-11,0388,1562,パチンコ レイトつくば 店舗情報 台データ情報,,0,0,20,2,2026-08-13 08:05:23
2026-08-11,0389,1562,パチンコ レイトつくば 店舗情報 台データ情報,,0,0,0,2,2026-08-13 08:05:23
2026-08-11,0390,1700,パチンコ レイトつくば 店舗情報 台データ情報,,0,0,10,2,2026-08-13 08:05:39
2026-08-11,0391,1700,パチンコ レイトつくば 店舗情報 台データ情報,,0,0,0,2,2026-08-13 08:05:39
2026-08-11,0392,1700,パチンコ レイトつくば 店舗情報 台データ情報,,1,0,1130,2,2026-08-13 08:05:39
2026-08-11,0393,1700,パチンコ レイトつくば 店舗情報 台データ情報,,0,0,10,2,2026-08-13 08:05:39
2026-08-11,0394,1700,パチンコ レイトつくば 店舗情報 台データ情報,,1,0,1090,2,2026-08-13 08:05:39
2026-08-11,0395,1703,パチンコ レイトつくば 店舗情報 台データ情報,,0,0,10,2,2026-08-13 08:05:41
2026-08-11,0396,1703,パチンコ レイトつくば 店舗情報 台データ情報,,0,0,20,2,2026-08-13 08:05:41
2026-08-11,0397,1703,パチンコ レイトつくば 店舗情報 台データ情報,,0,0,0,2,2026-08-13 08:05:41
2026-08-11,0398,1702,パチンコ レイトつくば 店舗情報 台データ情報,,7,4,4630,2,2026-08-13 08:05:40
2026-08-11,0399,1702,パチンコ レイトつくば 店舗情報 台データ情報,,0,0,10,2,2026-08-13 08:05:40
2026-08-11,0400,1702,パチンコ レイトつくば 店舗情報 台データ情報,,1,0,430,2,2026-08-13 08:05:40
2026-08-11,0401,1353,パチンコ レイトつくば 店舗情報 台データ情報,,8,5,8870,2,2026-08-13 08:05:10
2026-08-11,0402,1353,パチンコ レイトつくば 店舗情報 台データ情報,,3,0,2630,2,2026-08-13 08:05:10
2026-08-11,0403,1353,パチンコ レイトつくば 店舗情報 台データ情報,,0,0,10,2,2026-08-13 08:05:10
2026-08-11,0404,1353,パチンコ レイトつくば 店舗情報 台データ情報,,17,15,19620,2,2026-08-13 08:05:10
2026-08-11,0405,1397,パチンコ レイトつくば 店舗情報 台データ情報,,3,0,290,2,2026-08-13 08:05:13
2026-08-11,0406,1397,パチンコ レイトつくば 店舗情報 台データ情報,,3,2,4780,2,2026-08-13 08:05:13
2026-08-11,0407,1397,パチンコ レイトつくば 店舗情報 台データ情報,,5,3,6990,2,2026-08-13 08:05:13
2026-08-11,0408,1397,パチンコ レイトつくば 店舗情報 台データ情報,,1,0,290,2,2026-08-13 08:05:13
2026-08-11,0409,1397,パチンコ レイトつくば 店舗情報 台データ情報,,0,0,20,2,2026-08-13 08:05:13
2026-08-11,0410,1397,パチンコ レイトつくば 店舗情報 台データ情報,,1,0,280,2,2026-08-13 08:05:13
2026-08-11,0411,1397,パチンコ レイトつくば 店舗情報 台データ情報,,1,0,280,2,2026-08-13 08:05:13
2026-08-11,0426,1505,パチンコ レイトつくば 店舗情報 台データ情報,,1,0,1410,2,2026-08-13 08:05:19
2026-08-11,0427,1706,パチンコ レイトつくば 店舗情報 台データ情報,,3,1,1680,2,2026-08-13 08:05:42
2026-08-11,0428,1745,パチンコ レイトつくば 店舗情報 台データ情報,,1,0,440,2,2026-08-13 08:05:50
2026-08-11,0429,1466,パチンコ レイトつくば 店舗情報 台データ情報,,0,0,0,2,2026-08-13 08:05:16
2026-08-11,0430,1616,パチンコ レイトつくば 店舗情報 台データ情報,,6,5,6170,2,2026-08-13 08:05:31
2026-08-11,0431,1233,パチンコ レイトつくば 店舗情報 台データ情報,,1,0,290,2,2026-08-13 08:05:07
2026-08-11,0432,1625,パチンコ レイトつくば 店舗情報 台データ情報,,3,0,290,2,2026-08-13 08:05:36
2026-08-11,0433,1746,パチンコ レイトつくば 店舗情報 台データ情報,,0,0,10,2,2026-08-13 08:05:51
2026-08-11,0434,1565,パチンコ レイトつくば 店舗情報 台データ情報,,0,0,0,2,2026-08-13 08:05:24
2026-08-11,0435,1743,パチンコ レイトつくば 店舗情報 台データ情報,,0,0,0,2,2026-08-13 08:05:48
2026-08-11,0436,1424,パチンコ レイトつくば 店舗情報 台データ情報,,0,0,10,2,2026-08-13 08:05:14
2026-08-11,0437,1711,パチンコ レイトつくば 店舗情報 台データ情報,,0,0,10,2,2026-08-13 08:05:44
2026-08-11,0438,1710,パチンコ レイトつくば 店舗情報 台データ情報,,13,8,6410,2,2026-08-13 08:05:43
2026-08-11,0439,1564,パチンコ レイトつくば 店舗情報 台データ情報,,0,0,10,2,2026-08-13 08:05:24
2026-08-11,0440,1563,パチンコ レイトつくば 店舗情報 台データ情報,,0,0,0,2,2026-08-13 08:05:23
2026-08-11,0441,1529,パチンコ レイトつくば 店舗情報 台データ情報,,17,13,20960,2,2026-08-13 08:05:21
2026-08-11,0442,1528,パチンコ レイトつくば 店舗情報 台データ情報,,1,0,280,2,2026-08-13 08:05:20
2026-08-11,0443,1742,パチンコ レイトつくば 店舗情報 台データ情報,NEW,1,0,290,2,2026-08-13 08:05:47
2026-08-11,0445,1624,パチンコ レイトつくば 店舗情報 台データ情報,,0,0,10,2,2026-08-13 08:05:36
2026-08-11,0446,1617,パチンコ レイトつくば 店舗情報 台データ情報,,0,0,10,2,2026-08-13 08:05:32
2026-08-11,0447,1712,パチンコ レイトつくば 店舗情報 台データ情報,,1,0,730,2,2026-08-13 08:05:44
2026-08-11,0448,1744,パチンコ レイトつくば 店舗情報 台データ情報,,5,3,6580,2,2026-08-13 08:05:50
2026-08-11,0449,1168,パチンコ レイトつくば 店舗情報 台データ情報,,0,0,10,2,2026-08-13 08:05:03
2026-08-11,0450,1747,パチンコ レイトつくば 店舗情報 台データ情報,,2,1,1680,2,2026-08-13 08:05:51
2026-08-11,0451,1357,パチンコ レイトつくば 店舗情報 台データ情報,,1,0,280,2,2026-08-13 08:05:12
2026-08-12,0155,497,パチンコ レイトつくば 店舗情報 台データ情報,,12,6,1440,1,2026-08-13 08:03:46
2026-08-12,0156,714,パチンコ レイトつくば 店舗情報 台データ情報,,3,1,1230,1,2026-08-13 08:03:49
2026-08-12,0157,1508,パチンコ レイトつくば 店舗情報 台データ情報,,0,0,10,1,2026-08-13 08:04:15
2026-08-12,0158,1567,パチンコ レイトつくば 店舗情報 台データ情報,,8,3,1150,1,2026-08-13 08:04:21
2026-08-12,0159,1359,パチンコ レイトつくば 店舗情報 台データ情報,,23,16,4370,1,2026-08-13 08:04:07
2026-08-12,0160,1356,パチンコ レイトつくば 店舗情報 台データ情報,,18,16,8800,1,2026-08-13 08:04:06
2026-08-12,0161,730,パチンコ レイトつくば 店舗情報 台データ情報,,9,3,1540,1,2026-08-13 08:03:50
2026-08-12,0162,1294,パチンコ レイトつくば 店舗情報 台データ情報,,3,0,430,1,2026-08-13 08:04:03
2026-08-12,0163,1227,パチンコ レイトつくば 店舗情報 台データ情報,,35,26,8100,1,2026-08-13 08:04:00
2026-08-12,0164,1469,パチンコ レイトつくば 店舗情報 台データ情報,,27,23,9110,1,2026-08-13 08:04:12
2026-08-12,0165,1195,パチンコ レイトつくば 店舗情報 台データ情報,,0,0,10,1,2026-08-13 08:03:59
2026-08-12,0166,1779,パチンコ レイトつくば 店舗情報 台データ情報,NEW,12,2,1190,1,2026-08-13 08:04:47
2026-08-12,0167,1196,パチンコ レイトつくば 店舗情報 台データ情報,,3,0,190,1,2026-08-13 08:04:00
2026-08-12,0168,1263,パチンコ レイトつくば 店舗情報 台データ情報,,1,0,370,1,2026-08-13 08:04:02
2026-08-12,0169,1607,パチンコ レイトつくば 店舗情報 台データ情報,,16,15,10990,1,2026-08-13 08:04:23
2026-08-12,0170,1608,パチンコ レイトつくば 店舗情報 台データ情報,,3,1,720,1,2026-08-13 08:04:23
2026-08-12,0171,1780,パチンコ レイトつくば 店舗情報 台データ情報,,1,0,120,1,2026-08-13 08:04:47
2026-08-12,0172,1780,パチンコ レイトつくば 店舗情報 台データ情報,,0,0,10,1,2026-08-13 08:04:47
2026-08-12,0173,845,パチンコ レイトつくば 店舗情報 台データ情報,,13,10,10870,1,2026-08-13 08:03:52
2026-08-12,0174,866,パチンコ レイトつくば 店舗情報 台データ情報,,3,0,280,1,2026-08-13 08:03:52
2026-08-12,0175,1343,パチンコ レイトつくば 店舗情報 台データ情報,,36,31,16150,1,2026-08-13 08:04:04
2026-08-12,0176,1005,パチンコ レイトつくば 店舗情報 台データ情報,,4,0,280,1,2026-08-13 08:03:55
2026-08-12,0177,562,パチンコ レイトつくば 店舗情報 台データ情報,,26,24,20910,1,2026-08-13 08:03:48
2026-08-12,0178,1470,パチンコ レイトつくば 店舗情報 台データ情報,,2,0,290,1,2026-08-13 08:04:12
2026-08-12,0179,452,パチンコ レイトつくば 店舗情報 台データ情報,,0,0,10,1,2026-08-13 08:03:45
2026-08-12,0180,1414,パチンコ レイトつくば 店舗情報 台データ情報,,1,0,280,1,2026-08-13 08:04:08
2026-08-12,0181,1619,パチンコ レイトつくば 店舗情報 台データ情報,,9,8,7320,1,2026-08-13 08:04:28
2026-08-12,0182,1423,パチンコ レイトつくば 店舗情報 台データ情報,,0,0,0,1,2026-08-13 08:04:09
2026-08-12,0183,1620,パチンコ レイトつくば 店舗情報 台データ情報,,1,0,290,1,2026-08-13 08:04:29
2026-08-12,0184,1620,パチンコ レイトつくば 店舗情報 台データ情報,,2,1,700,1,2026-08-13 08:04:29
2026-08-12,0185,1621,パチンコ レイトつくば 店舗情報 台データ情報,,1,0,570,1,2026-08-13 08:04:30
2026-08-12,0186,1707,パチンコ レイトつくば 店舗情報 台データ情報,,2,0,940,1,2026-08-13 08:04:39
2026-08-12,0187,1622,パチンコ レイトつくば 店舗情報 台データ情報,,0,0,10,1,2026-08-13 08:04:30
2026-08-12,0188,1623,パチンコ レイトつくば 店舗情報 台データ情報,,1,0,1420,1,2026-08-13 08:04:31
2026-08-12,0189,1609,パチンコ レイトつくば 店舗情報 台データ情報,,1,0,450,1,2026-08-13 08:04:24
2026-08-12,0190,1610,パチンコ レイトつくば 店舗情報 台データ情報,,10,0,1640,1,2026-08-13 08:04:24
2026-08-12,0191,1611,パチンコ レイトつくば 店舗情報 台データ情報,,4,0,570,1,2026-08-13 08:04:25
2026-08-12,0192,710,パチンコ レイトつくば 店舗情報 台データ情報,,6,3,1700,1,2026-08-13 08:03:48
2026-08-12,0193,1568,パチンコ レイトつくば 店舗情報 台データ情報,,5,0,360,1,2026-08-13 08:04:22
2026-08-12,0194,1009,パチンコ レイトつくば 店舗情報 台データ情報,,17,9,4920,1,2026-08-13 08:03:56
2026-08-12,0195,1779,パチンコ レイトつくば 店舗情報 台データ情報,NEW,22,18,11540,1,2026-08-13 08:04:47
2026-08-12,0196,711,パチンコ レイトつくば 店舗情報 台データ情報,,14,10,2340,1,2026-08-13 08:03:49
2026-08-12,0197,1430,パチンコ レイトつくば 店舗情報 台データ情報,,2,1,1270,1,2026-08-13 08:04:10
2026-08-12,0198,1431,パチンコ レイトつくば 店舗情報 台データ情報,,4,0,250,1,2026-08-13 08:04:11
2026-08-12,0199,1341,パチンコ レイトつくば 店舗情報 台データ情報,,8,6,3320,1,2026-08-13 08:04:03
2026-08-12,0200,1170,パチンコ レイトつくば 店舗情報 台データ情報,,0,0,10,1,2026-08-13 08:03:58
2026-08-12,0201,495,パチンコ レイトつくば 店舗情報 台データ情報,,21,15,5950,1,2026-08-13 08:03:46
2026-08-12,0202,1490,パチンコ レイトつくば 店舗情報 台データ情報,,0,0,10,1,2026-08-13 08:04:13
2026-08-12,0203,1229,パチンコ レイトつくば 店舗情報 台データ情報,,1,0,1440,1,2026-08-13 08:04:01
2026-08-12,0204,1229,パチンコ レイトつくば 店舗情報 台データ情報,,0,0,20,1,2026-08-13 08:04:01
2026-08-12,0205,1229,パチンコ レイトつくば 店舗情報 台データ情報,,8,5,7680,1,2026-08-13 08:04:01
2026-08-12,0206,1229,パチンコ レイトつくば 店舗情報 台データ情報,,9,8,12200,1,2026-08-13 08:04:01
2026-08-12,0207,1229,パチンコ レイトつくば 店舗情報 台データ情報,,0,0,20,1,2026-08-13 08:04:01
2026-08-12,0208,1229,パチンコ レイトつくば 店舗情報 台データ情報,,5,3,5550,1,2026-08-13 08:04:01
2026-08-12,0209,1229,パチンコ レイトつくば 店舗情報 台データ情報,,0,0,20,1,2026-08-13 08:04:01
2026-08-12,0210,1229,パチンコ レイトつくば 店舗情報 台データ情報,,12,10,6860,1,2026-08-13 08:04:01
2026-08-12,0211,1229,パチンコ レイトつくば 店舗情報 台データ情報,,17,12,14490,1,2026-08-13 08:04:01
2026-08-12,0212,1229,パチンコ レイトつくば 店舗情報 台データ情報,,7,5,7740,1,2026-08-13 08:04:01
2026-08-12,0213,1229,パチンコ レイトつくば 店舗情報 台データ情報,,0,0,10,1,2026-08-13 08:04:01
2026-08-12,0214,1229,パチンコ レイトつくば 店舗情報 台データ情報,,0,0,20,1,2026-08-13 08:04:01
2026-08-12,0215,1229,パチンコ レイトつくば 店舗情報 台データ情報,,4,2,2790,1,2026-08-13 08:04:01
2026-08-12,0216,1229,パチンコ レイトつくば 店舗情報 台データ情報,,6,4,6010,1,2026-08-13 08:04:01
2026-08-12,0217,904,パチンコ レイトつくば 店舗情報 台データ情報,,9,4,1360,1,2026-08-13 08:03:53
2026-08-12,0218,904,パチンコ レイトつくば 店舗情報 台データ情報,,2,1,610,1,2026-08-13 08:03:53
2026-08-12,0219,904,パチンコ レイトつくば 店舗情報 台データ情報,,10,4,1090,1,2026-08-13 08:03:53
2026-08-12,0220,904,パチンコ レイトつくば 店舗情報 台データ情報,,22,15,6060,1,2026-08-13 08:03:53
2026-08-12,0221,102,パチンコ レイトつくば 店舗情報 台データ情報,,0,0,10,1,2026-08-13 08:03:41
2026-08-12,0222,102,パチンコ レイトつくば 店舗情報 台データ情報,,14,10,5070,1,2026-08-13 08:03:41
2026-08-12,0223,102,パチンコ レイトつくば 店舗情報 台データ情報,,7,4,2760,1,2026-08-13 08:03:41
2026-08-12,0224,102,パチンコ レイトつくば 店舗情報 台データ情報,,0,0,0,1,2026-08-13 08:03:41
2026-08-12,0225,102,パチンコ レイトつくば 店舗情報 台データ情報,,2,0,650,1,2026-08-13 08:03:41
2026-08-12,0226,1355,パチンコ レイトつくば 店舗情報 台データ情報,,20,18,11740,1,2026-08-13 08:04:05
2026-08-12,0227,1355,パチンコ レイトつくば 店舗情報 台データ情報,,19,12,5690,1,2026-08-13 08:04:05
2026-08-12,0228,97,パチンコ レイトつくば 店舗情報 台データ情報,,0,0,10,1,2026-08-13 08:03:40
2026-08-12,0229,403,パチンコ レイトつくば 店舗情報 台データ情報,,9,8,5670,1,2026-08-13 08:03:44
2026-08-12,0230,1612,パチンコ レイトつくば 店舗情報 台データ情報,,1,0,540,1,2026-08-13 08:04:26
2026-08-12,0231,1612,パチンコ レイトつくば 店舗情報 台データ情報,,11,8,3350,1,2026-08-13 08:04:26
2026-08-12,0232,1612,パチンコ レイトつくば 店舗情報 台データ情報,,24,14,3930,1,2026-08-13 08:04:26
2026-08-12,0233,1560,パチンコ レイトつくば 店舗情報 台データ情報,,0,0,10,1,2026-08-13 08:04:18
2026-08-12,0234,1560,パチンコ レイトつくば 店舗情報 台データ情報,,4,2,2810,1,2026-08-13 08:04:18
2026-08-12,0235,1560,パチンコ レイトつくば 店舗情報 台データ情報,,0,0,20,1,2026-08-13 08:04:18
2026-08-12,0236,1560,パチンコ レイトつくば 店舗情報 台データ情報,,0,0,10,1,2026-08-13 08:04:18
2026-08-12,0237,1560,パチンコ レイトつくば 店舗情報 台データ情報,,10,7,11580,1,2026-08-13 08:04:18
2026-08-12,0238,1560,パチンコ レイトつくば 店舗情報 台データ情報,,0,0,10,1,2026-08-13 08:04:18
2026-08-12,0239,1229,パチンコ レイトつくば 店舗情報 台データ情報,,1,0,1430,1,2026-08-13 08:04:01
2026-08-12,0240,1229,パチンコ レイトつくば 店舗情報 台データ情報,,0,0,20,1,2026-08-13 08:04:01
2026-08-12,0241,1229,パチンコ レイトつくば 店舗情報 台データ情報,,17,12,16490,1,2026-08-13 08:04:01
2026-08-12,0242,1229,パチンコ レイトつくば 店舗情報 台データ情報,,0,0,20,1,2026-08-13 08:04:01
2026-08-12,0243,1229,パチンコ レイトつくば 店舗情報 台データ情報,,0,0,20,1,2026-08-13 08:04:01
2026-08-12,0244,1229,パチンコ レイトつくば 店舗情報 台データ情報,,11,9,13290,1,2026-08-13 08:04:01
2026-08-12,0245,1229,パチンコ レイトつくば 店舗情報 台データ情報,,0,0,20,1,2026-08-13 08:04:01
2026-08-12,0246,1229,パチンコ レイトつくば 店舗情報 台データ情報,,10,6,9530,1,2026-08-13 08:04:01
2026-08-12,0247,1229,パチンコ レイトつくば 店舗情報 台データ情報,,7,4,6740,1,2026-08-13 08:04:01
2026-08-12,0248,1229,パチンコ レイトつくば 店舗情報 台データ情報,,20,18,24000,1,2026-08-13 08:04:01
2026-08-12,0249,1229,パチンコ レイトつくば 店舗情報 台データ情報,,11,10,13800,1,2026-08-13 08:04:01
2026-08-12,0250,1229,パチンコ レイトつくば 店舗情報 台データ情報,,1,0,1400,1,2026-08-13 08:04:01
2026-08-12,0251,1229,パチンコ レイトつくば 店舗情報 台データ情報,,1,0,1390,1,2026-08-13 08:04:01
2026-08-12,0252,1229,パチンコ レイトつくば 店舗情報 台データ情報,,9,7,11880,1,2026-08-13 08:04:01
2026-08-12,0253,818,パチンコ レイトつくば 店舗情報 台データ情報,,0,0,0,1,2026-08-13 08:03:51
2026-08-12,0254,818,パチンコ レイトつくば 店舗情報 台データ情報,,0,0,0,1,2026-08-13 08:03:51
2026-08-12,0255,818,パチンコ レイトつくば 店舗情報 台データ情報,,0,0,0,1,2026-08-13 08:03:51
2026-08-12,0256,818,パチンコ レイトつくば 店舗情報 台データ情報,,0,0,10,1,2026-08-13 08:03:51
2026-08-12,0257,818,パチンコ レイトつくば 店舗情報 台データ情報,,0,0,10,1,2026-08-13 08:03:51
2026-08-12,0258,818,パチンコ レイトつくば 店舗情報 台データ情報,,0,0,0,1,2026-08-13 08:03:51
2026-08-12,0259,818,パチンコ レイトつくば 店舗情報 台データ情報,,0,0,0,1,2026-08-13 08:03:51
2026-08-12,0260,818,パチンコ レイトつくば 店舗情報 台データ情報,,0,0,0,1,2026-08-13 08:03:51
2026-08-12,0261,818,パチンコ レイトつくば 店舗情報 台データ情報,,0,0,0,1,2026-08-13 08:03:51
2026-08-12,0262,1737,パチンコ レイトつくば 店舗情報 台データ情報,NEW,15,6,4930,1,2026-08-13 08:04:41
2026-08-12,0263,1737,パチンコ レイトつくば 店舗情報 台データ情報,NEW,22,13,9330,1,2026-08-13 08:04:41
2026-08-12,0264,1737,パチンコ レイトつくば 店舗情報 台データ情報,NEW,13,6,3100,1,2026-08-13 08:04:41
2026-08-12,0265,1737,パチンコ レイトつくば 店舗情報 台データ情報,NEW,19,12,9280,1,2026-08-13 08:04:41
2026-08-12,0266,1737,パチンコ レイトつくば 店舗情報 台データ情報,NEW,5,0,300,1,2026-08-13 08:04:41
2026-08-12,0267,956,パチンコ レイトつくば 店舗情報 台データ情報,オススメ,21,14,22870,1,2026-08-13 08:03:54
2026-08-12,0268,956,パチンコ レイトつくば 店舗情報 台データ情報,オススメ,19,18,43300,1,2026-08-13 08:03:54
2026-08-12,0269,956,パチンコ レイトつくば 店舗情報 台データ情報,オススメ,8,0,1410,1,2026-08-13 08:03:54
2026-08-12,0270,956,パチンコ レイトつくば 店舗情報 台データ情報,オススメ,8,0,1410,1,2026-08-13 08:03:54
2026-08-12,0271,956,パチンコ レイトつくば 店舗情報 台データ情報,オススメ,17,12,24980,1,2026-08-13 08:03:54
2026-08-12,0272,956,パチンコ レイトつくば 店舗情報 台データ情報,オススメ,7,3,6990,1,2026-08-13 08:03:54
2026-08-12,0273,956,パチンコ レイトつくば 店舗情報 台データ情報,オススメ,16,3,10200,1,2026-08-13 08:03:54
2026-08-12,0274,956,パチンコ レイトつくば 店舗情報 台データ情報,オススメ,1,0,1400,1,2026-08-13 08:03:54
2026-08-12,0275,956,パチンコ レイトつくば 店舗情報 台データ情報,オススメ,7,3,11240,1,2026-08-13 08:03:54
2026-08-12,0276,956,パチンコ レイトつくば 店舗情報 台データ情報,オススメ,10,4,9790,1,2026-08-13 08:03:54
2026-08-12,0277,956,パチンコ レイトつくば 店舗情報 台データ情報,オススメ,4,0,1400,1,2026-08-13 08:03:54
2026-08-12,0278,956,パチンコ レイトつくば 店舗情報 台データ情報,オススメ,17,3,8820,1,2026-08-13 08:03:54
2026-08-12,0279,956,パチンコ レイトつくば 店舗情報 台データ情報,オススメ,11,6,17940,1,2026-08-13 08:03:54
2026-08-12,0280,956,パチンコ レイトつくば 店舗情報 台データ情報,オススメ,10,2,5490,1,2026-08-13 08:03:54
2026-08-12,0281,956,パチンコ レイトつくば 店舗情報 台データ情報,オススメ,1,0,290,1,2026-08-13 08:03:54
2026-08-12,0282,956,パチンコ レイトつくば 店舗情報 台データ情報,オススメ,4,1,4200,1,2026-08-13 08:03:54
2026-08-12,0283,956,パチンコ レイトつくば 店舗情報 台データ情報,オススメ,22,18,43340,1,2026-08-13 08:03:54
2026-08-12,0284,956,パチンコ レイトつくば 店舗情報 台データ情報,オススメ,3,0,1470,1,2026-08-13 08:03:54
2026-08-12,0285,956,パチンコ レイトつくば 店舗情報 台データ情報,オススメ,8,2,4220,1,2026-08-13 08:03:54
2026-08-12,0286,956,パチンコ レイトつくば 店舗情報 台データ情報,オススメ,16,10,15380,1,2026-08-13 08:03:54
2026-08-12,0287,956,パチンコ レイトつくば 店舗情報 台データ情報,オススメ,9,3,8570,1,2026-08-13 08:03:54
2026-08-12,0288,956,パチンコ レイトつくば 店舗情報 台データ情報,オススメ,2,0,1430,1,2026-08-13 08:03:54
2026-08-12,0289,956,パチンコ レイトつくば 店舗情報 台データ情報,オススメ,15,12,29470,1,2026-08-13 08:03:54
2026-08-12,0290,956,パチンコ レイトつくば 店舗情報 台データ情報,オススメ,2,0,290,1,2026-08-13 08:03:54
2026-08-12,0291,1737,パチンコ レイトつくば 店舗情報 台データ情報,NEW,22,10,7500,1,2026-08-13 08:04:41
2026-08-12,0292,1737,パチンコ レイトつくば 店舗情報 台データ情報,NEW,25,19,23390,1,2026-08-13 08:04:41
2026-08-12,0293,1737,パチンコ レイトつくば 店舗情報 台データ情報,NEW,37,29,36260,1,2026-08-13 08:04:41
2026-08-12,0294,1737,パチンコ レイトつくば 店舗情報 台データ情報,NEW,25,17,19180,1,2026-08-13 08:04:41
2026-08-12,0295,1737,パチンコ レイトつくば 店舗情報 台データ情報,NEW,35,19,28010,1,2026-08-13 08:04:41
2026-08-12,0296,233,パチンコ レイトつくば 店舗情報 台データ情報,,0,0,10,1,2026-08-13 08:03:43
2026-08-12,0297,233,パチンコ レイトつくば 店舗情報 台データ情報,,0,0,10,1,2026-08-13 08:03:43
2026-08-12,0298,233,パチンコ レイトつくば 店舗情報 台データ情報,,0,0,10,1,2026-08-13 08:03:43
2026-08-12,0299,233,パチンコ レイトつくば 店舗情報 台データ情報,,0,0,10,1,2026-08-13 08:03:43
2026-08-12,0300,233,パチンコ レイトつくば 店舗情報 台データ情報,,5,3,5560,1,2026-08-13 08:03:43
2026-08-12,0301,233,パチンコ レイトつくば 店舗情報 台データ情報,,0,0,10,1,2026-08-13 08:03:43
2026-08-12,0302,233,パチンコ レイトつくば 店舗情報 台データ情報,,0,0,10,1,2026-08-13 08:03:43
2026-08-12,0303,233,パチンコ レイトつくば 店舗情報 台データ情報,,0,0,0,1,2026-08-13 08:03:43
2026-08-12,0304,233,パチンコ レイトつくば 店舗情報 台データ情報,,8,6,10100,1,2026-08-13 08:03:43
2026-08-12,0305,1740,パチンコ レイトつくば 店舗情報 台データ情報,NEW,1,0,430,1,2026-08-13 08:04:43
2026-08-12,0306,1740,パチンコ レイトつくば 店舗情報 台データ情報,NEW,3,1,1820,1,2026-08-13 08:04:43
2026-08-12,0307,1705,パチンコ レイトつくば 店舗情報 台データ情報,,0,0,10,1,2026-08-13 08:04:38
2026-08-12,0308,1705,パチンコ レイトつくば 店舗情報 台データ情報,,0,0,0,1,2026-08-13 08:04:38
2026-08-12,0309,1503,パチンコ レイトつくば 店舗情報 台データ情報,,11,10,7560,1,2026-08-13 08:04:13
2026-08-12,0310,1503,パチンコ レイトつくば 店舗情報 台データ情報,,0,0,10,1,2026-08-13 08:04:13
2026-08-12,0311,1503,パチンコ レイトつくば 店舗情報 台データ情報,,1,0,290,1,2026-08-13 08:04:13
2026-08-12,0312,1503,パチンコ レイトつくば 店舗情報 台データ情報,,3,1,1280,1,2026-08-13 08:04:13
2026-08-12,0313,1503,パチンコ レイトつくば 店舗情報 台データ情報,,22,19,13540,1,2026-08-13 08:04:13
2026-08-12,0314,1561,パチンコ レイトつくば 店舗情報 台データ情報,,1,0,290,1,2026-08-13 08:04:18
2026-08-12,0315,1561,パチンコ レイトつくば 店舗情報 台データ情報,,1,0,280,1,2026-08-13 08:04:18
2026-08-12,0316,1561,パチンコ レイトつくば 店舗情報 台データ情報,,0,0,20,1,2026-08-13 08:04:18
2026-08-12,0317,1561,パチンコ レイトつくば 店舗情報 台データ情報,,5,4,5840,1,2026-08-13 08:04:18
2026-08-12,0318,1561,パチンコ レイトつくば 店舗情報 台データ情報,,11,4,8200,1,2026-08-13 08:04:18
2026-08-12,0319,1738,パチンコ レイトつくば 店舗情報 台データ情報,NEW,3,0,2680,1,2026-08-13 08:04:41
2026-08-12,0320,1738,パチンコ レイトつくば 店舗情報 台データ情報,NEW,28,26,37800,1,2026-08-13 08:04:41
2026-08-12,0321,1738,パチンコ レイトつくば 店舗情報 台データ情報,NEW,11,8,10530,1,2026-08-13 08:04:41
2026-08-12,0322,1738,パチンコ レイトつくば 店舗情報 台データ情報,NEW,1,0,1410,1,2026-08-13 08:04:41
2026-08-12,0323,1738,パチンコ レイトつくば 店舗情報 台データ情報,NEW,10,7,11200,1,2026-08-13 08:04:41
2026-08-12,0324,1738,パチンコ レイトつくば 店舗情報 台データ情報,NEW,20,15,21560,1,2026-08-13 08:04:41
2026-08-12,0325,1738,パチンコ レイトつくば 店舗情報 台データ情報,NEW,2,0,1410,1,2026-08-13 08:04:41
2026-08-12,0326,1738,パチンコ レイトつくば 店舗情報 台データ情報,NEW,6,3,5610,1,2026-08-13 08:04:41
2026-08-12,0327,1738,パチンコ レイトつくば 店舗情報 台データ情報,NEW,5,3,5580,1,2026-08-13 08:04:41
2026-08-12,0328,1738,パチンコ レイトつくば 店舗情報 台データ情報,NEW,6,3,5590,1,2026-08-13 08:04:41
2026-08-12,0329,1738,パチンコ レイトつくば 店舗情報 台データ情報,NEW,4,2,5480,1,2026-08-13 08:04:41
2026-08-12,0330,1738,パチンコ レイトつくば 店舗情報 台データ情報,NEW,2,0,1410,1,2026-08-13 08:04:41
2026-08-12,0331,1738,パチンコ レイトつくば 店舗情報 台データ情報,NEW,46,43,62700,1,2026-08-13 08:04:41
2026-08-12,0332,1165,パチンコ レイトつくば 店舗情報 台データ情報,,28,24,31590,1,2026-08-13 08:03:57
2026-08-12,0333,1165,パチンコ レイトつくば 店舗情報 台データ情報,,2,1,2800,1,2026-08-13 08:03:57
2026-08-12,0334,1165,パチンコ レイトつくば 店舗情報 台データ情報,,2,1,2820,1,2026-08-13 08:03:57
2026-08-12,0335,1165,パチンコ レイトつくば 店舗情報 台データ情報,,18,17,25240,1,2026-08-13 08:03:57
2026-08-12,0336,1165,パチンコ レイトつくば 店舗情報 台データ情報,,0,0,10,1,2026-08-13 08:03:57
2026-08-12,0337,1165,パチンコ レイトつくば 店舗情報 台データ情報,,1,0,1400,1,2026-08-13 08:03:57
2026-08-12,0338,1165,パチンコ レイトつくば 店舗情報 台データ情報,,0,0,20,1,2026-08-13 08:03:57
2026-08-12,0339,1165,パチンコ レイトつくば 店舗情報 台データ情報,,0,0,10,1,2026-08-13 08:03:57
2026-08-12,0340,1165,パチンコ レイトつくば 店舗情報 台データ情報,,4,0,2800,1,2026-08-13 08:03:57
2026-08-12,0341,1165,パチンコ レイトつくば 店舗情報 台データ情報,,5,1,2800,1,2026-08-13 08:03:57
2026-08-12,0342,1165,パチンコ レイトつくば 店舗情報 台データ情報,,0,0,10,1,2026-08-13 08:03:57
2026-08-12,0343,1165,パチンコ レイトつくば 店舗情報 台データ情報,,3,1,2810,1,2026-08-13 08:03:57
2026-08-12,0344,1165,パチンコ レイトつくば 店舗情報 台データ情報,,1,0,290,1,2026-08-13 08:03:57
2026-08-12,0345,1188,パチンコ レイトつくば 店舗情報 台データ情報,,4,0,290,1,2026-08-13 08:03:59
2026-08-12,0346,1188,パチンコ レイトつくば 店舗情報 台データ情報,,0,0,10,1,2026-08-13 08:03:59
2026-08-12,0347,1188,パチンコ レイトつくば 店舗情報 台データ情報,,5,0,390,1,2026-08-13 08:03:59
2026-08-12,0348,1188,パチンコ レイトつくば 店舗情報 台データ情報,,1,0,280,1,2026-08-13 08:03:59
2026-08-12,0349,1188,パチンコ レイトつくば 店舗情報 台データ情報,,12,9,12870,1,2026-08-13 08:03:59
2026-08-12,0350,1614,パチンコ レイトつくば 店舗情報 台データ情報,増台,14,12,18210,1,2026-08-13 08:04:26
2026-08-12,0351,1614,パチンコ レイトつくば 店舗情報 台データ情報,増台,18,16,23800,1,2026-08-13 08:04:26
2026-08-12,0352,1614,パチンコ レイトつくば 店舗情報 台データ情報,増台,45,42,60190,1,2026-08-13 08:04:26
2026-08-12,0353,1614,パチンコ レイトつくば 店舗情報 台データ情報,増台,0,0,10,1,2026-08-13 08:04:26
2026-08-12,0354,1614,パチンコ レイトつくば 店舗情報 台データ情報,増台,7,4,7010,1,2026-08-13 08:04:26
2026-08-12,0355,1614,パチンコ レイトつくば 店舗情報 台データ情報,増台,15,10,15420,1,2026-08-13 08:04:26
2026-08-12,0356,1701,パチンコ レイトつくば 店舗情報 台データ情報,,0,0,10,1,2026-08-13 08:04:35
2026-08-12,0357,1701,パチンコ レイトつくば 店舗情報 台データ情報,,0,0,0,1,2026-08-13 08:04:35
2026-08-12,0358,1701,パチンコ レイトつくば 店舗情報 台データ情報,,11,9,13010,1,2026-08-13 08:04:35
2026-08-12,0359,538,パチンコ レイトつくば 店舗情報 台データ情報,,1,0,290,1,2026-08-13 08:03:47
2026-08-12,0360,414,パチンコ レイトつくば 店舗情報 台データ情報,,0,0,10,1,2026-08-13 08:03:45
2026-08-12,0361,1630,パチンコ レイトつくば 店舗情報 台データ情報,,0,0,0,1,2026-08-13 08:04:32
2026-08-12,0362,1631,パチンコ レイトつくば 店舗情報 台データ情報,,1,0,370,1,2026-08-13 08:04:33
2026-08-12,0363,127,パチンコ レイトつくば 店舗情報 台データ情報,,5,4,4880,1,2026-08-13 08:03:43
2026-08-12,0364,1632,パチンコ レイトつくば 店舗情報 台データ情報,,13,10,18280,1,2026-08-13 08:04:34
2026-08-12,0365,993,パチンコ レイトつくば 店舗情報 台データ情報,,0,0,10,1,2026-08-13 08:03:55
2026-08-12,0366,764,パチンコ レイトつくば 店舗情報 台データ情報,,3,2,4210,1,2026-08-13 08:03:51
2026-08-12,0367,1635,パチンコ レイトつくば 店舗情報 台データ情報,,13,10,12900,1,2026-08-13 08:04:34
2026-08-12,0368,104,パチンコ レイトつくば 店舗情報 台データ情報,,0,0,20,1,2026-08-13 08:03:42
2026-08-12,0369,104,パチンコ レイトつくば 店舗情報 台データ情報,,4,2,3190,1,2026-08-13 08:03:42
2026-08-12,0370,104,パチンコ レイトつくば 店舗情報 台データ情報,,0,0,10,1,2026-08-13 08:03:42
2026-08-12,0371,104,パチンコ レイトつくば 店舗情報 台データ情報,,11,9,12920,1,2026-08-13 08:03:42
2026-08-12,0372,1739,パチンコ レイトつくば 店舗情報 台データ情報,NEW,0,0,10,1,2026-08-13 08:04:42
2026-08-12,0373,1739,パチンコ レイトつくば 店舗情報 台データ情報,NEW,0,0,0,1,2026-08-13 08:04:42
2026-08-12,0374,1739,パチンコ レイトつくば 店舗情報 台データ情報,NEW,13,11,16840,1,2026-08-13 08:04:42
2026-08-12,0375,1739,パチンコ レイトつくば 店舗情報 台データ情報,NEW,0,0,0,1,2026-08-13 08:04:42
2026-08-12,0376,1704,パチンコ レイトつくば 店舗情報 台データ情報,,1,0,290,1,2026-08-13 08:04:37
2026-08-12,0377,1704,パチンコ レイトつくば 店舗情報 台データ情報,,1,0,280,1,2026-08-13 08:04:37
2026-08-12,0378,1704,パチンコ レイトつくば 店舗情報 台データ情報,,3,1,1690,1,2026-08-13 08:04:37
2026-08-12,0379,1580,パチンコ レイトつくば 店舗情報 台データ情報,,1,0,200,1,2026-08-13 08:04:22
2026-08-12,0380,1580,パチンコ レイトつくば 店舗情報 台データ情報,,0,0,0,1,2026-08-13 08:04:22
2026-08-12,0381,1527,パチンコ レイトつくば 店舗情報 台データ情報,,0,0,20,1,2026-08-13 08:04:16
2026-08-12,0382,1527,パチンコ レイトつくば 店舗情報 台データ情報,,0,0,0,1,2026-08-13 08:04:16
2026-08-12,0383,1527,パチンコ レイトつくば 店舗情報 台データ情報,,3,0,1580,1,2026-08-13 08:04:16
2026-08-12,0384,1527,パチンコ レイトつくば 店舗情報 台データ情報,,9,8,12600,1,2026-08-13 08:04:16
2026-08-12,0385,1615,パチンコ レイトつくば 店舗情報 台データ情報,,1,0,1410,1,2026-08-13 08:04:27
2026-08-12,0386,1615,パチンコ レイトつくば 店舗情報 台データ情報,,0,0,0,1,2026-08-13 08:04:27
2026-08-12,0387,1562,パチンコ レイトつくば 店舗情報 台データ情報,,0,0,10,1,2026-08-13 08:04:19
2026-08-12,0388,1562,パチンコ レイトつくば 店舗情報 台データ情報,,0,0,20,1,2026-08-13 08:04:19
2026-08-12,0389,1562,パチンコ レイトつくば 店舗情報 台データ情報,,0,0,0,1,2026-08-13 08:04:19
2026-08-12,0390,1700,パチンコ レイトつくば 店舗情報 台データ情報,,0,0,0,1,2026-08-13 08:04:35
2026-08-12,0391,1700,パチンコ レイトつくば 店舗情報 台データ情報,,0,0,0,1,2026-08-13 08:04:35
2026-08-12,0392,1700,パチンコ レイトつくば 店舗情報 台データ情報,,0,0,10,1,2026-08-13 08:04:35
2026-08-12,0393,1700,パチンコ レイトつくば 店舗情報 台データ情報,,0,0,10,1,2026-08-13 08:04:35
2026-08-12,0394,1700,パチンコ レイトつくば 店舗情報 台データ情報,,0,0,10,1,2026-08-13 08:04:35
2026-08-12,0395,1703,パチンコ レイトつくば 店舗情報 台データ情報,,0,0,10,1,2026-08-13 08:04:37
2026-08-12,0396,1703,パチンコ レイトつくば 店舗情報 台データ情報,,0,0,20,1,2026-08-13 08:04:37
2026-08-12,0397,1703,パチンコ レイトつくば 店舗情報 台データ情報,,0,0,0,1,2026-08-13 08:04:37
2026-08-12,0398,1702,パチンコ レイトつくば 店舗情報 台データ情報,,7,4,4630,1,2026-08-13 08:04:36
2026-08-12,0399,1702,パチンコ レイトつくば 店舗情報 台データ情報,,0,0,10,1,2026-08-13 08:04:36
2026-08-12,0400,1702,パチンコ レイトつくば 店舗情報 台データ情報,,1,0,430,1,2026-08-13 08:04:36
2026-08-12,0401,1353,パチンコ レイトつくば 店舗情報 台データ情報,,8,5,8870,1,2026-08-13 08:04:05
2026-08-12,0402,1353,パチンコ レイトつくば 店舗情報 台データ情報,,3,0,2630,1,2026-08-13 08:04:05
2026-08-12,0403,1353,パチンコ レイトつくば 店舗情報 台データ情報,,0,0,10,1,2026-08-13 08:04:05
2026-08-12,0404,1353,パチンコ レイトつくば 店舗情報 台データ情報,,17,15,19620,1,2026-08-13 08:04:05
2026-08-12,0405,1397,パチンコ レイトつくば 店舗情報 台データ情報,,3,0,290,1,2026-08-13 08:04:08
2026-08-12,0406,1397,パチンコ レイトつくば 店舗情報 台データ情報,,3,2,4780,1,2026-08-13 08:04:08
2026-08-12,0407,1397,パチンコ レイトつくば 店舗情報 台データ情報,,5,3,6990,1,2026-08-13 08:04:08
2026-08-12,0408,1397,パチンコ レイトつくば 店舗情報 台データ情報,,1,0,290,1,2026-08-13 08:04:08
2026-08-12,0409,1397,パチンコ レイトつくば 店舗情報 台データ情報,,0,0,20,1,2026-08-13 08:04:08
2026-08-12,0410,1397,パチンコ レイトつくば 店舗情報 台データ情報,,1,0,280,1,2026-08-13 08:04:08
2026-08-12,0411,1397,パチンコ レイトつくば 店舗情報 台データ情報,,1,0,280,1,2026-08-13 08:04:08
2026-08-12,0426,1505,パチンコ レイトつくば 店舗情報 台データ情報,,1,0,1410,1,2026-08-13 08:04:14
2026-08-12,0427,1706,パチンコ レイトつくば 店舗情報 台データ情報,,3,1,1680,1,2026-08-13 08:04:38
2026-08-12,0428,1745,パチンコ レイトつくば 店舗情報 台データ情報,,1,0,440,1,2026-08-13 08:04:45
2026-08-12,0429,1466,パチンコ レイトつくば 店舗情報 台データ情報,,0,0,0,1,2026-08-13 08:04:11
2026-08-12,0430,1616,パチンコ レイトつくば 店舗情報 台データ情報,,6,5,6170,1,2026-08-13 08:04:27
2026-08-12,0431,1233,パチンコ レイトつくば 店舗情報 台データ情報,,1,0,290,1,2026-08-13 08:04:02
2026-08-12,0432,1625,パチンコ レイトつくば 店舗情報 台データ情報,,2,0,290,1,2026-08-13 08:04:32
2026-08-12,0433,1746,パチンコ レイトつくば 店舗情報 台データ情報,,0,0,10,1,2026-08-13 08:04:46
2026-08-12,0434,1565,パチンコ レイトつくば 店舗情報 台データ情報,,0,0,0,1,2026-08-13 08:04:20
2026-08-12,0435,1743,パチンコ レイトつくば 店舗情報 台データ情報,,0,0,0,1,2026-08-13 08:04:44
2026-08-12,0436,1424,パチンコ レイトつくば 店舗情報 台データ情報,,0,0,10,1,2026-08-13 08:04:09
2026-08-12,0437,1711,パチンコ レイトつくば 店舗情報 台データ情報,,0,0,10,1,2026-08-13 08:04:40
2026-08-12,0438,1710,パチンコ レイトつくば 店舗情報 台データ情報,,12,8,6370,1,2026-08-13 08:04:39
2026-08-12,0439,1564,パチンコ レイトつくば 店舗情報 台データ情報,,0,0,10,1,2026-08-13 08:04:20
2026-08-12,0440,1563,パチンコ レイトつくば 店舗情報 台データ情報,,0,0,0,1,2026-08-13 08:04:19
2026-08-12,0441,1529,パチンコ レイトつくば 店舗情報 台データ情報,,17,13,20960,1,2026-08-13 08:04:17
2026-08-12,0442,1528,パチンコ レイトつくば 店舗情報 台データ情報,,1,0,280,1,2026-08-13 08:04:16
2026-08-12,0443,1742,パチンコ レイトつくば 店舗情報 台データ情報,NEW,1,0,290,1,2026-08-13 08:04:43
2026-08-12,0445,1624,パチンコ レイトつくば 店舗情報 台データ情報,,0,0,10,1,2026-08-13 08:04:31
2026-08-12,0446,1617,パチンコ レイトつくば 店舗情報 台データ情報,,0,0,10,1,2026-08-13 08:04:28
2026-08-12,0447,1712,パチンコ レイトつくば 店舗情報 台データ情報,,0,0,10,1,2026-08-13 08:04:40
2026-08-12,0448,1744,パチンコ レイトつくば 店舗情報 台データ情報,,5,3,6580,1,2026-08-13 08:04:45
2026-08-12,0449,1168,パチンコ レイトつくば 店舗情報 台データ情報,,0,0,10,1,2026-08-13 08:03:57
2026-08-12,0450,1747,パチンコ レイトつくば 店舗情報 台データ情報,,2,1,1680,1,2026-08-13 08:04:46
2026-08-12,0451,1357,パチンコ レイトつくば 店舗情報 台データ情報,,1,0,280,1,2026-08-13 08:04:07
2026-08-13,0155,497,パチンコ レイトつくば 店舗情報 台データ情報,,12,6,1440,0,2026-08-13 08:02:34
2026-08-13,0156,714,パチンコ レイトつくば 店舗情報 台データ情報,,3,1,1230,0,2026-08-13 08:02:37
2026-08-13,0157,1508,パチンコ レイトつくば 店舗情報 台データ情報,,0,0,10,0,2026-08-13 08:03:02
2026-08-13,0158,1567,パチンコ レイトつくば 店舗情報 台データ情報,,8,3,1150,0,2026-08-13 08:03:09
2026-08-13,0159,1359,パチンコ レイトつくば 店舗情報 台データ情報,,23,16,4370,0,2026-08-13 08:02:54
2026-08-13,0160,1356,パチンコ レイトつくば 店舗情報 台データ情報,,18,16,8800,0,2026-08-13 08:02:53
2026-08-13,0161,730,パチンコ レイトつくば 店舗情報 台データ情報,,9,3,1540,0,2026-08-13 08:02:37
2026-08-13,0162,1294,パチンコ レイトつくば 店舗情報 台データ情報,,3,0,430,0,2026-08-13 08:02:49
2026-08-13,0163,1227,パチンコ レイトつくば 店舗情報 台データ情報,,35,26,8100,0,2026-08-13 08:02:47
2026-08-13,0164,1469,パチンコ レイトつくば 店舗情報 台データ情報,,27,23,9110,0,2026-08-13 08:02:59
2026-08-13,0165,1195,パチンコ レイトつくば 店舗情報 台データ情報,,0,0,10,0,2026-08-13 08:02:46
2026-08-13,0166,1779,パチンコ レイトつくば 店舗情報 台データ情報,NEW,12,2,1190,0,2026-08-13 08:03:39
2026-08-13,0167,1196,パチンコ レイトつくば 店舗情報 台データ情報,,3,0,190,0,2026-08-13 08:02:46
2026-08-13,0168,1263,パチンコ レイトつくば 店舗情報 台データ情報,,1,0,370,0,2026-08-13 08:02:49
2026-08-13,0169,1607,パチンコ レイトつくば 店舗情報 台データ情報,,16,15,10990,0,2026-08-13 08:03:11
2026-08-13,0170,1608,パチンコ レイトつくば 店舗情報 台データ情報,,3,1,720,0,2026-08-13 08:03:12
2026-08-13,0171,1780,パチンコ レイトつくば 店舗情報 台データ情報,,1,0,120,0,2026-08-13 08:03:40
2026-08-13,0172,1780,パチンコ レイトつくば 店舗情報 台データ情報,,0,0,10,0,2026-08-13 08:03:40
2026-08-13,0173,845,パチンコ レイトつくば 店舗情報 台データ情報,,13,10,10870,0,2026-08-13 08:02:39
2026-08-13,0174,866,パチンコ レイトつくば 店舗情報 台データ情報,,3,0,280,0,2026-08-13 08:02:40
2026-08-13,0175,1343,パチンコ レイトつくば 店舗情報 台データ情報,,36,31,16150,0,2026-08-13 08:02:50
2026-08-13,0176,1005,パチンコ レイトつくば 店舗情報 台データ情報,,4,0,280,0,2026-08-13 08:02:42
2026-08-13,0177,562,パチンコ レイトつくば 店舗情報 台データ情報,,26,24,20910,0,2026-08-13 08:02:35
2026-08-13,0178,1470,パチンコ レイトつくば 店舗情報 台データ情報,,2,0,290,0,2026-08-13 08:03:00
2026-08-13,0179,452,パチンコ レイトつくば 店舗情報 台データ情報,,0,0,10,0,2026-08-13 08:02:32
2026-08-13,0180,1414,パチンコ レイトつくば 店舗情報 台データ情報,,1,0,280,0,2026-08-13 08:02:56
2026-08-13,0181,1619,パチンコ レイトつくば 店舗情報 台データ情報,,9,8,7320,0,2026-08-13 08:03:19
2026-08-13,0182,1423,パチンコ レイトつくば 店舗情報 台データ情報,,0,0,0,0,2026-08-13 08:02:56
2026-08-13,0183,1620,パチンコ レイトつくば 店舗情報 台データ情報,,1,0,290,0,2026-08-13 08:03:20
2026-08-13,0184,1620,パチンコ レイトつくば 店舗情報 台データ情報,,2,1,700,0,2026-08-13 08:03:20
2026-08-13,0185,1621,パチンコ レイトつくば 店舗情報 台データ情報,,1,0,570,0,2026-08-13 08:03:20
2026-08-13,0186,1707,パチンコ レイトつくば 店舗情報 台データ情報,,2,0,940,0,2026-08-13 08:03:31
2026-08-13,0187,1622,パチンコ レイトつくば 店舗情報 台データ情報,,0,0,10,0,2026-08-13 08:03:21
2026-08-13,0188,1623,パチンコ レイトつくば 店舗情報 台データ情報,,1,0,1420,0,2026-08-13 08:03:22
2026-08-13,0189,1609,パチンコ レイトつくば 店舗情報 台データ情報,,1,0,450,0,2026-08-13 08:03:12
2026-08-13,0190,1610,パチンコ レイトつくば 店舗情報 台データ情報,,10,0,1640,0,2026-08-13 08:03:13
2026-08-13,0191,1611,パチンコ レイトつくば 店舗情報 台データ情報,,4,0,570,0,2026-08-13 08:03:14
2026-08-13,0192,710,パチンコ レイトつくば 店舗情報 台データ情報,,6,3,1700,0,2026-08-13 08:02:36
2026-08-13,0193,1568,パチンコ レイトつくば 店舗情報 台データ情報,,5,0,360,0,2026-08-13 08:03:10
2026-08-13,0194,1009,パチンコ レイトつくば 店舗情報 台データ情報,,17,9,4920,0,2026-08-13 08:02:43
2026-08-13,0195,1779,パチンコ レイトつくば 店舗情報 台データ情報,NEW,22,18,11540,0,2026-08-13 08:03:39
2026-08-13,0196,711,パチンコ レイトつくば 店舗情報 台データ情報,,14,10,2340,0,2026-08-13 08:02:36
2026-08-13,0197,1430,パチンコ レイトつくば 店舗情報 台データ情報,,2,1,1270,0,2026-08-13 08:02:58
2026-08-13,0198,1431,パチンコ レイトつくば 店舗情報 台データ情報,,4,0,250,0,2026-08-13 08:02:58
2026-08-13,0199,1341,パチンコ レイトつくば 店舗情報 台データ情報,,8,6,3320,0,2026-08-13 08:02:50
2026-08-13,0200,1170,パチンコ レイトつくば 店舗情報 台データ情報,,0,0,10,0,2026-08-13 08:02:45
2026-08-13,0201,495,パチンコ レイトつくば 店舗情報 台データ情報,,21,15,5950,0,2026-08-13 08:02:33
2026-08-13,0202,1490,パチンコ レイトつくば 店舗情報 台データ情報,,0,0,10,0,2026-08-13 08:03:01
2026-08-13,0203,1229,パチンコ レイトつくば 店舗情報 台データ情報,,1,0,1440,0,2026-08-13 08:02:47
2026-08-13,0204,1229,パチンコ レイトつくば 店舗情報 台データ情報,,0,0,20,0,2026-08-13 08:02:47
2026-08-13,0205,1229,パチンコ レイトつくば 店舗情報 台データ情報,,8,5,7680,0,2026-08-13 08:02:47
2026-08-13,0206,1229,パチンコ レイトつくば 店舗情報 台データ情報,,9,8,12200,0,2026-08-13 08:02:47
2026-08-13,0207,1229,パチンコ レイトつくば 店舗情報 台データ情報,,0,0,20,0,2026-08-13 08:02:47
2026-08-13,0208,1229,パチンコ レイトつくば 店舗情報 台データ情報,,5,3,5550,0,2026-08-13 08:02:47
2026-08-13,0209,1229,パチンコ レイトつくば 店舗情報 台データ情報,,0,0,20,0,2026-08-13 08:02:47
2026-08-13,0210,1229,パチンコ レイトつくば 店舗情報 台データ情報,,12,10,6860,0,2026-08-13 08:02:47
2026-08-13,0211,1229,パチンコ レイトつくば 店舗情報 台データ情報,,17,12,14490,0,2026-08-13 08:02:47
2026-08-13,0212,1229,パチンコ レイトつくば 店舗情報 台データ情報,,7,5,7740,0,2026-08-13 08:02:47
2026-08-13,0213,1229,パチンコ レイトつくば 店舗情報 台データ情報,,0,0,10,0,2026-08-13 08:02:47
2026-08-13,0214,1229,パチンコ レイトつくば 店舗情報 台データ情報,,0,0,20,0,2026-08-13 08:02:47
2026-08-13,0215,1229,パチンコ レイトつくば 店舗情報 台データ情報,,4,2,2790,0,2026-08-13 08:02:47
2026-08-13,0216,1229,パチンコ レイトつくば 店舗情報 台データ情報,,6,4,6010,0,2026-08-13 08:02:47
2026-08-13,0217,904,パチンコ レイトつくば 店舗情報 台データ情報,,9,4,1360,0,2026-08-13 08:02:41
2026-08-13,0218,904,パチンコ レイトつくば 店舗情報 台データ情報,,2,1,610,0,2026-08-13 08:02:41
2026-08-13,0219,904,パチンコ レイトつくば 店舗情報 台データ情報,,10,4,1090,0,2026-08-13 08:02:41
2026-08-13,0220,904,パチンコ レイトつくば 店舗情報 台データ情報,,22,15,6060,0,2026-08-13 08:02:41
2026-08-13,0221,102,パチンコ レイトつくば 店舗情報 台データ情報,,0,0,10,0,2026-08-13 08:02:29
2026-08-13,0222,102,パチンコ レイトつくば 店舗情報 台データ情報,,14,10,5070,0,2026-08-13 08:02:29
2026-08-13,0223,102,パチンコ レイトつくば 店舗情報 台データ情報,,7,4,2760,0,2026-08-13 08:02:29
2026-08-13,0224,102,パチンコ レイトつくば 店舗情報 台データ情報,,0,0,0,0,2026-08-13 08:02:29
2026-08-13,0225,102,パチンコ レイトつくば 店舗情報 台データ情報,,2,0,650,0,2026-08-13 08:02:29
2026-08-13,0226,1355,パチンコ レイトつくば 店舗情報 台データ情報,,20,18,11740,0,2026-08-13 08:02:52
2026-08-13,0227,1355,パチンコ レイトつくば 店舗情報 台データ情報,,19,12,5690,0,2026-08-13 08:02:52
2026-08-13,0228,97,パチンコ レイトつくば 店舗情報 台データ情報,,0,0,10,0,2026-08-13 08:02:29
2026-08-13,0229,403,パチンコ レイトつくば 店舗情報 台データ情報,,9,8,5670,0,2026-08-13 08:02:31
2026-08-13,0230,1612,パチンコ レイトつくば 店舗情報 台データ情報,,1,0,540,0,2026-08-13 08:03:14
2026-08-13,0231,1612,パチンコ レイトつくば 店舗情報 台データ情報,,11,8,3350,0,2026-08-13 08:03:14
2026-08-13,0232,1612,パチンコ レイトつくば 店舗情報 台データ情報,,24,14,3930,0,2026-08-13 08:03:14
2026-08-13,0233,1560,パチンコ レイトつくば 店舗情報 台データ情報,,0,0,10,0,2026-08-13 08:03:05
2026-08-13,0234,1560,パチンコ レイトつくば 店舗情報 台データ情報,,4,2,2810,0,2026-08-13 08:03:05
2026-08-13,0235,1560,パチンコ レイトつくば 店舗情報 台データ情報,,0,0,20,0,2026-08-13 08:03:05
2026-08-13,0236,1560,パチンコ レイトつくば 店舗情報 台データ情報,,0,0,10,0,2026-08-13 08:03:05
2026-08-13,0237,1560,パチンコ レイトつくば 店舗情報 台データ情報,,10,7,11580,0,2026-08-13 08:03:05
2026-08-13,0238,1560,パチンコ レイトつくば 店舗情報 台データ情報,,0,0,10,0,2026-08-13 08:03:05
2026-08-13,0239,1229,パチンコ レイトつくば 店舗情報 台データ情報,,1,0,1430,0,2026-08-13 08:02:47
2026-08-13,0240,1229,パチンコ レイトつくば 店舗情報 台データ情報,,0,0,20,0,2026-08-13 08:02:47
2026-08-13,0241,1229,パチンコ レイトつくば 店舗情報 台データ情報,,17,12,16490,0,2026-08-13 08:02:47
2026-08-13,0242,1229,パチンコ レイトつくば 店舗情報 台データ情報,,0,0,20,0,2026-08-13 08:02:47
2026-08-13,0243,1229,パチンコ レイトつくば 店舗情報 台データ情報,,0,0,20,0,2026-08-13 08:02:47
2026-08-13,0244,1229,パチンコ レイトつくば 店舗情報 台データ情報,,11,9,13290,0,2026-08-13 08:02:47
2026-08-13,0245,1229,パチンコ レイトつくば 店舗情報 台データ情報,,0,0,20,0,2026-08-13 08:02:47
2026-08-13,0246,1229,パチンコ レイトつくば 店舗情報 台データ情報,,10,6,9530,0,2026-08-13 08:02:47
2026-08-13,0247,1229,パチンコ レイトつくば 店舗情報 台データ情報,,7,4,6740,0,2026-08-13 08:02:47
2026-08-13,0248,1229,パチンコ レイトつくば 店舗情報 台データ情報,,20,18,24000,0,2026-08-13 08:02:47
2026-08-13,0249,1229,パチンコ レイトつくば 店舗情報 台データ情報,,11,10,13800,0,2026-08-13 08:02:47
2026-08-13,0250,1229,パチンコ レイトつくば 店舗情報 台データ情報,,1,0,1400,0,2026-08-13 08:02:47
2026-08-13,0251,1229,パチンコ レイトつくば 店舗情報 台データ情報,,1,0,1390,0,2026-08-13 08:02:47
2026-08-13,0252,1229,パチンコ レイトつくば 店舗情報 台データ情報,,9,7,11880,0,2026-08-13 08:02:47
2026-08-13,0253,818,パチンコ レイトつくば 店舗情報 台データ情報,,0,0,0,0,2026-08-13 08:02:39
2026-08-13,0254,818,パチンコ レイトつくば 店舗情報 台データ情報,,0,0,0,0,2026-08-13 08:02:39
2026-08-13,0255,818,パチンコ レイトつくば 店舗情報 台データ情報,,0,0,0,0,2026-08-13 08:02:39
2026-08-13,0256,818,パチンコ レイトつくば 店舗情報 台データ情報,,0,0,10,0,2026-08-13 08:02:39
2026-08-13,0257,818,パチンコ レイトつくば 店舗情報 台データ情報,,0,0,10,0,2026-08-13 08:02:39
2026-08-13,0258,818,パチンコ レイトつくば 店舗情報 台データ情報,,0,0,0,0,2026-08-13 08:02:39
2026-08-13,0259,818,パチンコ レイトつくば 店舗情報 台データ情報,,0,0,0,0,2026-08-13 08:02:39
2026-08-13,0260,818,パチンコ レイトつくば 店舗情報 台データ情報,,0,0,0,0,2026-08-13 08:02:39
2026-08-13,0261,818,パチンコ レイトつくば 店舗情報 台データ情報,,0,0,0,0,2026-08-13 08:02:39
2026-08-13,0262,1737,パチンコ レイトつくば 店舗情報 台データ情報,NEW,15,6,4930,0,2026-08-13 08:03:33
2026-08-13,0263,1737,パチンコ レイトつくば 店舗情報 台データ情報,NEW,22,13,9330,0,2026-08-13 08:03:33
2026-08-13,0264,1737,パチンコ レイトつくば 店舗情報 台データ情報,NEW,13,6,3100,0,2026-08-13 08:03:33
2026-08-13,0265,1737,パチンコ レイトつくば 店舗情報 台データ情報,NEW,19,12,9280,0,2026-08-13 08:03:33
2026-08-13,0266,1737,パチンコ レイトつくば 店舗情報 台データ情報,NEW,5,0,300,0,2026-08-13 08:03:33
2026-08-13,0267,956,パチンコ レイトつくば 店舗情報 台データ情報,オススメ,21,14,22870,0,2026-08-13 08:02:41
2026-08-13,0268,956,パチンコ レイトつくば 店舗情報 台データ情報,オススメ,19,18,43300,0,2026-08-13 08:02:41
2026-08-13,0269,956,パチンコ レイトつくば 店舗情報 台データ情報,オススメ,8,0,1410,0,2026-08-13 08:02:41
2026-08-13,0270,956,パチンコ レイトつくば 店舗情報 台データ情報,オススメ,8,0,1410,0,2026-08-13 08:02:41
2026-08-13,0271,956,パチンコ レイトつくば 店舗情報 台データ情報,オススメ,17,12,24980,0,2026-08-13 08:02:41
2026-08-13,0272,956,パチンコ レイトつくば 店舗情報 台データ情報,オススメ,7,3,6990,0,2026-08-13 08:02:41
2026-08-13,0273,956,パチンコ レイトつくば 店舗情報 台データ情報,オススメ,16,3,10200,0,2026-08-13 08:02:41
2026-08-13,0274,956,パチンコ レイトつくば 店舗情報 台データ情報,オススメ,1,0,1400,0,2026-08-13 08:02:41
2026-08-13,0275,956,パチンコ レイトつくば 店舗情報 台データ情報,オススメ,7,3,11240,0,2026-08-13 08:02:41
2026-08-13,0276,956,パチンコ レイトつくば 店舗情報 台データ情報,オススメ,10,4,9790,0,2026-08-13 08:02:41
2026-08-13,0277,956,パチンコ レイトつくば 店舗情報 台データ情報,オススメ,4,0,1400,0,2026-08-13 08:02:41
2026-08-13,0278,956,パチンコ レイトつくば 店舗情報 台データ情報,オススメ,17,3,8820,0,2026-08-13 08:02:41
2026-08-13,0279,956,パチンコ レイトつくば 店舗情報 台データ情報,オススメ,11,6,17940,0,2026-08-13 08:02:41
2026-08-13,0280,956,パチンコ レイトつくば 店舗情報 台データ情報,オススメ,10,2,5490,0,2026-08-13 08:02:41
2026-08-13,0281,956,パチンコ レイトつくば 店舗情報 台データ情報,オススメ,1,0,290,0,2026-08-13 08:02:41
2026-08-13,0282,956,パチンコ レイトつくば 店舗情報 台データ情報,オススメ,4,1,4200,0,2026-08-13 08:02:41
2026-08-13,0283,956,パチンコ レイトつくば 店舗情報 台データ情報,オススメ,22,18,43340,0,2026-08-13 08:02:41
2026-08-13,0284,956,パチンコ レイトつくば 店舗情報 台データ情報,オススメ,3,0,1470,0,2026-08-13 08:02:41
2026-08-13,0285,956,パチンコ レイトつくば 店舗情報 台データ情報,オススメ,8,2,4220,0,2026-08-13 08:02:41
2026-08-13,0286,956,パチンコ レイトつくば 店舗情報 台データ情報,オススメ,16,10,15380,0,2026-08-13 08:02:41
2026-08-13,0287,956,パチンコ レイトつくば 店舗情報 台データ情報,オススメ,9,3,8570,0,2026-08-13 08:02:41
2026-08-13,0288,956,パチンコ レイトつくば 店舗情報 台データ情報,オススメ,2,0,1430,0,2026-08-13 08:02:41
2026-08-13,0289,956,パチンコ レイトつくば 店舗情報 台データ情報,オススメ,15,12,29470,0,2026-08-13 08:02:41
2026-08-13,0290,956,パチンコ レイトつくば 店舗情報 台データ情報,オススメ,2,0,290,0,2026-08-13 08:02:41
2026-08-13,0291,1737,パチンコ レイトつくば 店舗情報 台データ情報,NEW,22,10,7500,0,2026-08-13 08:03:33
2026-08-13,0292,1737,パチンコ レイトつくば 店舗情報 台データ情報,NEW,25,19,23390,0,2026-08-13 08:03:33
2026-08-13,0293,1737,パチンコ レイトつくば 店舗情報 台データ情報,NEW,37,29,36260,0,2026-08-13 08:03:33
2026-08-13,0294,1737,パチンコ レイトつくば 店舗情報 台データ情報,NEW,25,17,19180,0,2026-08-13 08:03:33
2026-08-13,0295,1737,パチンコ レイトつくば 店舗情報 台データ情報,NEW,35,19,28010,0,2026-08-13 08:03:33
2026-08-13,0296,233,パチンコ レイトつくば 店舗情報 台データ情報,,0,0,10,0,2026-08-13 08:02:31
2026-08-13,0297,233,パチンコ レイトつくば 店舗情報 台データ情報,,0,0,10,0,2026-08-13 08:02:31
2026-08-13,0298,233,パチンコ レイトつくば 店舗情報 台データ情報,,0,0,10,0,2026-08-13 08:02:31
2026-08-13,0299,233,パチンコ レイトつくば 店舗情報 台データ情報,,0,0,10,0,2026-08-13 08:02:31
2026-08-13,0300,233,パチンコ レイトつくば 店舗情報 台データ情報,,5,3,5560,0,2026-08-13 08:02:31
2026-08-13,0301,233,パチンコ レイトつくば 店舗情報 台データ情報,,0,0,10,0,2026-08-13 08:02:31
2026-08-13,0302,233,パチンコ レイトつくば 店舗情報 台データ情報,,0,0,10,0,2026-08-13 08:02:31
2026-08-13,0303,233,パチンコ レイトつくば 店舗情報 台データ情報,,0,0,0,0,2026-08-13 08:02:31
2026-08-13,0304,233,パチンコ レイトつくば 店舗情報 台データ情報,,8,6,10100,0,2026-08-13 08:02:31
2026-08-13,0305,1740,パチンコ レイトつくば 店舗情報 台データ情報,NEW,1,0,430,0,2026-08-13 08:03:35
2026-08-13,0306,1740,パチンコ レイトつくば 店舗情報 台データ情報,NEW,3,1,1820,0,2026-08-13 08:03:35
2026-08-13,0307,1705,パチンコ レイトつくば 店舗情報 台データ情報,,0,0,10,0,2026-08-13 08:03:29
2026-08-13,0308,1705,パチンコ レイトつくば 店舗情報 台データ情報,,0,0,0,0,2026-08-13 08:03:29
2026-08-13,0309,1503,パチンコ レイトつくば 店舗情報 台データ情報,,11,10,7560,0,2026-08-13 08:03:01
2026-08-13,0310,1503,パチンコ レイトつくば 店舗情報 台データ情報,,0,0,10,0,2026-08-13 08:03:01
2026-08-13,0311,1503,パチンコ レイトつくば 店舗情報 台データ情報,,1,0,290,0,2026-08-13 08:03:01
2026-08-13,0312,1503,パチンコ レイトつくば 店舗情報 台データ情報,,3,1,1280,0,2026-08-13 08:03:01
2026-08-13,0313,1503,パチンコ レイトつくば 店舗情報 台データ情報,,22,19,13540,0,2026-08-13 08:03:01
2026-08-13,0314,1561,パチンコ レイトつくば 店舗情報 台データ情報,,1,0,290,0,2026-08-13 08:03:06
2026-08-13,0315,1561,パチンコ レイトつくば 店舗情報 台データ情報,,1,0,280,0,2026-08-13 08:03:06
2026-08-13,0316,1561,パチンコ レイトつくば 店舗情報 台データ情報,,0,0,20,0,2026-08-13 08:03:06
2026-08-13,0317,1561,パチンコ レイトつくば 店舗情報 台データ情報,,5,4,5840,0,2026-08-13 08:03:06
2026-08-13,0318,1561,パチンコ レイトつくば 店舗情報 台データ情報,,11,4,8200,0,2026-08-13 08:03:06
2026-08-13,0319,1738,パチンコ レイトつくば 店舗情報 台データ情報,NEW,3,0,2680,0,2026-08-13 08:03:34
2026-08-13,0320,1738,パチンコ レイトつくば 店舗情報 台データ情報,NEW,28,26,37800,0,2026-08-13 08:03:34
2026-08-13,0321,1738,パチンコ レイトつくば 店舗情報 台データ情報,NEW,11,8,10530,0,2026-08-13 08:03:34
2026-08-13,0322,1738,パチンコ レイトつくば 店舗情報 台データ情報,NEW,1,0,1410,0,2026-08-13 08:03:34
2026-08-13,0323,1738,パチンコ レイトつくば 店舗情報 台データ情報,NEW,10,7,11200,0,2026-08-13 08:03:34
2026-08-13,0324,1738,パチンコ レイトつくば 店舗情報 台データ情報,NEW,20,15,21560,0,2026-08-13 08:03:34
2026-08-13,0325,1738,パチンコ レイトつくば 店舗情報 台データ情報,NEW,2,0,1410,0,2026-08-13 08:03:34
2026-08-13,0326,1738,パチンコ レイトつくば 店舗情報 台データ情報,NEW,6,3,5610,0,2026-08-13 08:03:34
2026-08-13,0327,1738,パチンコ レイトつくば 店舗情報 台データ情報,NEW,5,3,5580,0,2026-08-13 08:03:34
2026-08-13,0328,1738,パチンコ レイトつくば 店舗情報 台データ情報,NEW,6,3,5590,0,2026-08-13 08:03:34
2026-08-13,0329,1738,パチンコ レイトつくば 店舗情報 台データ情報,NEW,4,2,5480,0,2026-08-13 08:03:34
2026-08-13,0330,1738,パチンコ レイトつくば 店舗情報 台データ情報,NEW,2,0,1410,0,2026-08-13 08:03:34
2026-08-13,0331,1738,パチンコ レイトつくば 店舗情報 台データ情報,NEW,46,43,62700,0,2026-08-13 08:03:34
2026-08-13,0332,1165,パチンコ レイトつくば 店舗情報 台データ情報,,28,24,31590,0,2026-08-13 08:02:44
2026-08-13,0333,1165,パチンコ レイトつくば 店舗情報 台データ情報,,2,1,2800,0,2026-08-13 08:02:44
2026-08-13,0334,1165,パチンコ レイトつくば 店舗情報 台データ情報,,2,1,2820,0,2026-08-13 08:02:44
2026-08-13,0335,1165,パチンコ レイトつくば 店舗情報 台データ情報,,18,17,25240,0,2026-08-13 08:02:44
2026-08-13,0336,1165,パチンコ レイトつくば 店舗情報 台データ情報,,0,0,10,0,2026-08-13 08:02:44
2026-08-13,0337,1165,パチンコ レイトつくば 店舗情報 台データ情報,,1,0,1400,0,2026-08-13 08:02:44
2026-08-13,0338,1165,パチンコ レイトつくば 店舗情報 台データ情報,,0,0,20,0,2026-08-13 08:02:44
2026-08-13,0339,1165,パチンコ レイトつくば 店舗情報 台データ情報,,0,0,10,0,2026-08-13 08:02:44
2026-08-13,0340,1165,パチンコ レイトつくば 店舗情報 台データ情報,,4,0,2800,0,2026-08-13 08:02:44
2026-08-13,0341,1165,パチンコ レイトつくば 店舗情報 台データ情報,,5,1,2800,0,2026-08-13 08:02:44
2026-08-13,0342,1165,パチンコ レイトつくば 店舗情報 台データ情報,,0,0,10,0,2026-08-13 08:02:44
2026-08-13,0343,1165,パチンコ レイトつくば 店舗情報 台データ情報,,3,1,2810,0,2026-08-13 08:02:44
2026-08-13,0344,1165,パチンコ レイトつくば 店舗情報 台データ情報,,1,0,290,0,2026-08-13 08:02:44
2026-08-13,0345,1188,パチンコ レイトつくば 店舗情報 台データ情報,,4,0,290,0,2026-08-13 08:02:45
2026-08-13,0346,1188,パチンコ レイトつくば 店舗情報 台データ情報,,0,0,10,0,2026-08-13 08:02:45
2026-08-13,0347,1188,パチンコ レイトつくば 店舗情報 台データ情報,,5,0,390,0,2026-08-13 08:02:45
2026-08-13,0348,1188,パチンコ レイトつくば 店舗情報 台データ情報,,1,0,280,0,2026-08-13 08:02:45
2026-08-13,0349,1188,パチンコ レイトつくば 店舗情報 台データ情報,,12,9,12870,0,2026-08-13 08:02:45
2026-08-13,0350,1614,パチンコ レイトつくば 店舗情報 台データ情報,増台,14,12,18210,0,2026-08-13 08:03:15
2026-08-13,0351,1614,パチンコ レイトつくば 店舗情報 台データ情報,増台,18,16,23800,0,2026-08-13 08:03:15
2026-08-13,0352,1614,パチンコ レイトつくば 店舗情報 台データ情報,増台,45,42,60190,0,2026-08-13 08:03:15
2026-08-13,0353,1614,パチンコ レイトつくば 店舗情報 台データ情報,増台,0,0,10,0,2026-08-13 08:03:15
2026-08-13,0354,1614,パチンコ レイトつくば 店舗情報 台データ情報,増台,7,4,7010,0,2026-08-13 08:03:15
2026-08-13,0355,1614,パチンコ レイトつくば 店舗情報 台データ情報,増台,15,10,15420,0,2026-08-13 08:03:15
2026-08-13,0356,1701,パチンコ レイトつくば 店舗情報 台データ情報,,0,0,10,0,2026-08-13 08:03:26
2026-08-13,0357,1701,パチンコ レイトつくば 店舗情報 台データ情報,,0,0,0,0,2026-08-13 08:03:26
2026-08-13,0358,1701,パチンコ レイトつくば 店舗情報 台データ情報,,11,9,13010,0,2026-08-13 08:03:26
2026-08-13,0359,538,パチンコ レイトつくば 店舗情報 台データ情報,,1,0,290,0,2026-08-13 08:02:35
2026-08-13,0360,414,パチンコ レイトつくば 店舗情報 台データ情報,,0,0,10,0,2026-08-13 08:02:32
2026-08-13,0361,1630,パチンコ レイトつくば 店舗情報 台データ情報,,0,0,0,0,2026-08-13 08:03:23
2026-08-13,0362,1631,パチンコ レイトつくば 店舗情報 台データ情報,,1,0,370,0,2026-08-13 08:03:24
2026-08-13,0363,127,パチンコ レイトつくば 店舗情報 台データ情報,,5,4,4880,0,2026-08-13 08:02:30
2026-08-13,0364,1632,パチンコ レイトつくば 店舗情報 台データ情報,,13,10,18280,0,2026-08-13 08:03:24
2026-08-13,0365,993,パチンコ レイトつくば 店舗情報 台データ情報,,0,0,10,0,2026-08-13 08:02:42
2026-08-13,0366,764,パチンコ レイトつくば 店舗情報 台データ情報,,3,2,4210,0,2026-08-13 08:02:38
2026-08-13,0367,1635,パチンコ レイトつくば 店舗情報 台データ情報,,13,10,12900,0,2026-08-13 08:03:25
2026-08-13,0368,104,パチンコ レイトつくば 店舗情報 台データ情報,,0,0,20,0,2026-08-13 08:02:30
2026-08-13,0369,104,パチンコ レイトつくば 店舗情報 台データ情報,,4,2,3190,0,2026-08-13 08:02:30
2026-08-13,0370,104,パチンコ レイトつくば 店舗情報 台データ情報,,0,0,10,0,2026-08-13 08:02:30
2026-08-13,0371,104,パチンコ レイトつくば 店舗情報 台データ情報,,11,9,12920,0,2026-08-13 08:02:30
2026-08-13,0372,1739,パチンコ レイトつくば 店舗情報 台データ情報,NEW,0,0,10,0,2026-08-13 08:03:35
2026-08-13,0373,1739,パチンコ レイトつくば 店舗情報 台データ情報,NEW,0,0,0,0,2026-08-13 08:03:35
2026-08-13,0374,1739,パチンコ レイトつくば 店舗情報 台データ情報,NEW,13,11,16840,0,2026-08-13 08:03:35
2026-08-13,0375,1739,パチンコ レイトつくば 店舗情報 台データ情報,NEW,0,0,0,0,2026-08-13 08:03:35
2026-08-13,0376,1704,パチンコ レイトつくば 店舗情報 台データ情報,,1,0,290,0,2026-08-13 08:03:29
2026-08-13,0377,1704,パチンコ レイトつくば 店舗情報 台データ情報,,1,0,280,0,2026-08-13 08:03:29
2026-08-13,0378,1704,パチンコ レイトつくば 店舗情報 台データ情報,,3,1,1690,0,2026-08-13 08:03:29
2026-08-13,0379,1580,パチンコ レイトつくば 店舗情報 台データ情報,,1,0,200,0,2026-08-13 08:03:11
2026-08-13,0380,1580,パチンコ レイトつくば 店舗情報 台データ情報,,0,0,0,0,2026-08-13 08:03:11
2026-08-13,0381,1527,パチンコ レイトつくば 店舗情報 台データ情報,,0,0,20,0,2026-08-13 08:03:03
2026-08-13,0382,1527,パチンコ レイトつくば 店舗情報 台データ情報,,0,0,0,0,2026-08-13 08:03:03
2026-08-13,0383,1527,パチンコ レイトつくば 店舗情報 台データ情報,,3,0,1580,0,2026-08-13 08:03:03
2026-08-13,0384,1527,パチンコ レイトつくば 店舗情報 台データ情報,,9,8,12600,0,2026-08-13 08:03:03
2026-08-13,0385,1615,パチンコ レイトつくば 店舗情報 台データ情報,,1,0,1410,0,2026-08-13 08:03:15
2026-08-13,0386,1615,パチンコ レイトつくば 店舗情報 台データ情報,,0,0,0,0,2026-08-13 08:03:15
2026-08-13,0387,1562,パチンコ レイトつくば 店舗情報 台データ情報,,0,0,10,0,2026-08-13 08:03:06
2026-08-13,0388,1562,パチンコ レイトつくば 店舗情報 台データ情報,,0,0,20,0,2026-08-13 08:03:06
2026-08-13,0389,1562,パチンコ レイトつくば 店舗情報 台データ情報,,0,0,0,0,2026-08-13 08:03:06
2026-08-13,0390,1700,パチンコ レイトつくば 店舗情報 台データ情報,,0,0,0,0,2026-08-13 08:03:26
2026-08-13,0391,1700,パチンコ レイトつくば 店舗情報 台データ情報,,0,0,0,0,2026-08-13 08:03:26
2026-08-13,0392,1700,パチンコ レイトつくば 店舗情報 台データ情報,,0,0,10,0,2026-08-13 08:03:26
2026-08-13,0393,1700,パチンコ レイトつくば 店舗情報 台データ情報,,0,0,10,0,2026-08-13 08:03:26
2026-08-13,0394,1700,パチンコ レイトつくば 店舗情報 台データ情報,,0,0,10,0,2026-08-13 08:03:26
2026-08-13,0395,1703,パチンコ レイトつくば 店舗情報 台データ情報,,0,0,10,0,2026-08-13 08:03:28
2026-08-13,0396,1703,パチンコ レイトつくば 店舗情報 台データ情報,,0,0,20,0,2026-08-13 08:03:28
2026-08-13,0397,1703,パチンコ レイトつくば 店舗情報 台データ情報,,0,0,0,0,2026-08-13 08:03:28
2026-08-13,0398,1702,パチンコ レイトつくば 店舗情報 台データ情報,,7,4,4630,0,2026-08-13 08:03:28
2026-08-13,0399,1702,パチンコ レイトつくば 店舗情報 台データ情報,,0,0,10,0,2026-08-13 08:03:28
2026-08-13,0400,1702,パチンコ レイトつくば 店舗情報 台データ情報,,1,0,430,0,2026-08-13 08:03:28
2026-08-13,0401,1353,パチンコ レイトつくば 店舗情報 台データ情報,,8,5,8870,0,2026-08-13 08:02:51
2026-08-13,0402,1353,パチンコ レイトつくば 店舗情報 台データ情報,,3,0,2630,0,2026-08-13 08:02:51
2026-08-13,0403,1353,パチンコ レイトつくば 店舗情報 台データ情報,,0,0,10,0,2026-08-13 08:02:51
2026-08-13,0404,1353,パチンコ レイトつくば 店舗情報 台データ情報,,17,15,19620,0,2026-08-13 08:02:51
2026-08-13,0405,1397,パチンコ レイトつくば 店舗情報 台データ情報,,3,0,290,0,2026-08-13 08:02:55
2026-08-13,0406,1397,パチンコ レイトつくば 店舗情報 台データ情報,,3,2,4780,0,2026-08-13 08:02:55
2026-08-13,0407,1397,パチンコ レイトつくば 店舗情報 台データ情報,,5,3,6990,0,2026-08-13 08:02:55
2026-08-13,0408,1397,パチンコ レイトつくば 店舗情報 台データ情報,,1,0,290,0,2026-08-13 08:02:55
2026-08-13,0409,1397,パチンコ レイトつくば 店舗情報 台データ情報,,0,0,20,0,2026-08-13 08:02:55
2026-08-13,0410,1397,パチンコ レイトつくば 店舗情報 台データ情報,,1,0,280,0,2026-08-13 08:02:55
2026-08-13,0411,1397,パチンコ レイトつくば 店舗情報 台データ情報,,1,0,280,0,2026-08-13 08:02:55
2026-08-13,0426,1505,パチンコ レイトつくば 店舗情報 台データ情報,,1,0,1410,0,2026-08-13 08:03:02
2026-08-13,0427,1706,パチンコ レイトつくば 店舗情報 台データ情報,,3,1,1680,0,2026-08-13 08:03:30
2026-08-13,0428,1745,パチンコ レイトつくば 店舗情報 台データ情報,,1,0,440,0,2026-08-13 08:03:37
2026-08-13,0429,1466,パチンコ レイトつくば 店舗情報 台データ情報,,0,0,0,0,2026-08-13 08:02:59
2026-08-13,0430,1616,パチンコ レイトつくば 店舗情報 台データ情報,,6,5,6170,0,2026-08-13 08:03:16
2026-08-13,0431,1233,パチンコ レイトつくば 店舗情報 台データ情報,,1,0,290,0,2026-08-13 08:02:48
2026-08-13,0432,1625,パチンコ レイトつくば 店舗情報 台データ情報,,2,0,290,0,2026-08-13 08:03:23
2026-08-13,0433,1746,パチンコ レイトつくば 店舗情報 台データ情報,,0,0,10,0,2026-08-13 08:03:38
2026-08-13,0434,1565,パチンコ レイトつくば 店舗情報 台データ情報,,0,0,0,0,2026-08-13 08:03:09
2026-08-13,0435,1743,パチンコ レイトつくば 店舗情報 台データ情報,,0,0,0,0,2026-08-13 08:03:36
2026-08-13,0436,1424,パチンコ レイトつくば 店舗情報 台データ情報,,0,0,10,0,2026-08-13 08:02:57
2026-08-13,0437,1711,パチンコ レイトつくば 店舗情報 台データ情報,,0,0,10,0,2026-08-13 08:03:32
2026-08-13,0438,1710,パチンコ レイトつくば 店舗情報 台データ情報,,12,8,6370,0,2026-08-13 08:03:31
2026-08-13,0439,1564,パチンコ レイトつくば 店舗情報 台データ情報,,0,0,10,0,2026-08-13 08:03:08
2026-08-13,0440,1563,パチンコ レイトつくば 店舗情報 台データ情報,,0,0,0,0,2026-08-13 08:03:07
2026-08-13,0441,1529,パチンコ レイトつくば 店舗情報 台データ情報,,17,13,20960,0,2026-08-13 08:03:04
2026-08-13,0442,1528,パチンコ レイトつくば 店舗情報 台データ情報,,1,0,280,0,2026-08-13 08:03:04
2026-08-13,0443,1742,パチンコ レイトつくば 店舗情報 台データ情報,NEW,1,0,290,0,2026-08-13 08:03:36
2026-08-13,0445,1624,パチンコ レイトつくば 店舗情報 台データ情報,,0,0,10,0,2026-08-13 08:03:22
2026-08-13,0446,1617,パチンコ レイトつくば 店舗情報 台データ情報,,0,0,10,0,2026-08-13 08:03:19
2026-08-13,0447,1712,パチンコ レイトつくば 店舗情報 台データ情報,,0,0,10,0,2026-08-13 08:03:33
2026-08-13,0448,1744,パチンコ レイトつくば 店舗情報 台データ情報,,5,3,6580,0,2026-08-13 08:03:37
2026-08-13,0449,1168,パチンコ レイトつくば 店舗情報 台データ情報,,0,0,10,0,2026-08-13 08:02:44
2026-08-13,0450,1747,パチンコ レイトつくば 店舗情報 台データ情報,,2,1,1680,0,2026-08-13 08:03:39
2026-08-13,0451,1357,パチンコ レイトつくば 店舗情報 台データ情報,,1,0,280,0,2026-08-13 08:02:53
