machine_number,machine_id,machine_name,normal_odds,denominator,observed_days,zero_days,zero_day_rate,current_zero_streak,longest_zero_streak,total_big_hits,mean_big_hits,median_big_hits,first_date,last_date
0440,1563,ｅライザのアトリエＫ３,1/239.7,239.7,7,7,100.0,7,7,0,0,0,2026-08-13,2026-08-21
0395,1703,ｅ結城友奈は勇者であるＭＰ,約1/349,349.0,7,6,85.7,5,5,47,6.71,0,2026-08-13,2026-08-21
0303,233,ｅぱちんこソードアート・オンラインＫ１２,約1/319.9,319.9,7,6,85.7,4,4,13,1.86,0,2026-08-13,2026-08-21
0308,1705,ｅとある魔術の禁書目録 最狂ＲＲＡ,1/253.9,253.9,7,5,71.4,4,4,27,3.86,0,2026-08-13,2026-08-21
0357,1701,ｅ虚構推理ＭＨＪＴ,1/319.7,319.7,7,5,71.4,4,4,10,1.43,0,2026-08-13,2026-08-21
0360,414,ＰＣＹＢＯＲＧ００９Ｓ３－Ｋ,約1/319.7,319.7,7,5,71.4,4,4,56,8,0,2026-08-13,2026-08-21
0386,1615,ｅフィーバーデッドマウント・デスプレイＴ,約1/349.9,349.9,7,5,71.4,4,4,9,1.29,0,2026-08-13,2026-08-21
0396,1703,ｅ結城友奈は勇者であるＭＰ,約1/349,349.0,7,5,71.4,4,4,5,0.71,0,2026-08-13,2026-08-21
0397,1703,ｅ結城友奈は勇者であるＭＰ,約1/349,349.0,7,5,71.4,4,4,10,1.43,0,2026-08-13,2026-08-21
0426,1505,ｅ転生したらスライムだった件２ＭＦ,図柄 約1/399.9,399.9,7,5,71.4,4,4,12,1.71,0,2026-08-13,2026-08-21
0160,1356,ＰＡフィーバーからくりサーカス２ＹＦ,1/99.9,99.9,7,4,57.1,4,4,53,7.57,0,2026-08-13,2026-08-21
0188,1623,Ｐ沖ドキ！ＬＧ,大当り 1/22.2,22.2,7,4,57.1,4,4,6,0.86,0,2026-08-13,2026-08-21
0377,1704,ｅ東京リベンジャーズ聖夜決戦編ＥＲＥＣ,1/199.8,199.8,7,4,57.1,4,4,18,2.57,0,2026-08-13,2026-08-21
0441,1529,ｅリング 最恐領域ＲＨＡ,図柄 約1/399,399.0,7,4,57.1,4,4,25,3.57,0,2026-08-13,2026-08-21
0187,1622,Ｐうまい棒２Ｖ３,1/38.4,38.4,7,6,85.7,3,3,10,1.43,0,2026-08-13,2026-08-21
0254,818,ｅソードアート・オンライン~閃光の軌跡~Ｋ７,約1/199.9,199.9,7,6,85.7,3,3,3,0.43,0,2026-08-13,2026-08-21
0299,233,ｅぱちんこソードアート・オンラインＫ１２,約1/319.9,319.9,7,6,85.7,3,3,14,2,0,2026-08-13,2026-08-21
0202,1490,Ｐえとたま２ＳＥ,1/99.9,99.9,7,5,71.4,3,3,42,6,0,2026-08-13,2026-08-21
0253,818,ｅソードアート・オンライン~閃光の軌跡~Ｋ７,約1/199.9,199.9,7,5,71.4,3,3,14,2,0,2026-08-13,2026-08-21
0258,818,ｅソードアート・オンライン~閃光の軌跡~Ｋ７,約1/199.9,199.9,7,5,71.4,3,3,17,2.43,0,2026-08-13,2026-08-21
0261,818,ｅソードアート・オンライン~閃光の軌跡~Ｋ７,約1/199.9,199.9,7,5,71.4,3,3,52,7.43,0,2026-08-13,2026-08-21
0300,233,ｅぱちんこソードアート・オンラインＫ１２,約1/319.9,319.9,7,5,71.4,3,3,6,0.86,0,2026-08-13,2026-08-21
0435,1743,ｅハイスクールオブザデッド３Ｖ１Ａ,1/299.2,299.2,7,5,71.4,3,3,33,4.71,0,2026-08-13,2026-08-21
0181,1619,Ｐ ＦＡＩＲＹ ＴＡＩＬ 超一夜Ｖｅｒ．ＦＱＹ,約1/319.6,319.6,7,4,57.1,3,3,14,2,0,2026-08-13,2026-08-21
0221,102,ＰＡ大海物語５ＡＲＢＣ,1/99.9,99.9,7,4,57.1,3,3,49,7,0,2026-08-13,2026-08-21
0242,1229,Ｐスーパー海物語ＩＮ沖縄６ＬＴＰ,約1/319.6,319.6,7,4,57.1,3,3,15,2.14,0,2026-08-13,2026-08-21
0255,818,ｅソードアート・オンライン~閃光の軌跡~Ｋ７,約1/199.9,199.9,7,4,57.1,3,3,27,3.86,0,2026-08-13,2026-08-21
0256,818,ｅソードアート・オンライン~閃光の軌跡~Ｋ７,約1/199.9,199.9,7,4,57.1,3,3,25,3.57,0,2026-08-13,2026-08-21
0260,818,ｅソードアート・オンライン~閃光の軌跡~Ｋ７,約1/199.9,199.9,7,4,57.1,3,3,16,2.29,0,2026-08-13,2026-08-21
0297,233,ｅぱちんこソードアート・オンラインＫ１２,約1/319.9,319.9,7,4,57.1,3,3,22,3.14,0,2026-08-13,2026-08-21
0301,233,ｅぱちんこソードアート・オンラインＫ１２,約1/319.9,319.9,7,4,57.1,3,3,4,0.57,0,2026-08-13,2026-08-21
0315,1561,ｅひきこまり吸血姫の悶々ＦＨＶ,大当り 1/348.5,348.5,7,4,57.1,3,3,27,3.86,0,2026-08-13,2026-08-21
0316,1561,ｅひきこまり吸血姫の悶々ＦＨＶ,大当り 1/348.5,348.5,7,4,57.1,3,3,29,4.14,0,2026-08-13,2026-08-21
0356,1701,ｅ虚構推理ＭＨＪＴ,1/319.7,319.7,7,4,57.1,3,3,6,0.86,0,2026-08-13,2026-08-21
0359,538,ＰバイオハザードＲＥ２Ｌ９ＹＺ４,1/199.8,199.8,7,4,57.1,3,3,10,1.43,0,2026-08-13,2026-08-21
0365,993,Ｐ弾球黙示録カイジ沼５Ｖ１Ｕ,1/319.6,319.6,7,4,57.1,3,3,36,5.14,0,2026-08-13,2026-08-21
0372,1739,ｅエデンズゼロＡＩＮ,図柄 約1/399.9,399.9,7,4,57.1,3,3,4,0.57,0,2026-08-13,2026-08-21
0373,1739,ｅエデンズゼロＡＩＮ,図柄 約1/399.9,399.9,7,4,57.1,3,3,34,4.86,0,2026-08-13,2026-08-21
0381,1527,ｅフィーバーキン肉マン,図柄 約1/399.9,399.9,7,4,57.1,3,3,12,1.71,0,2026-08-13,2026-08-21
0389,1562,ｅカケグルイ~生か死か~ＬＴＴ－ＫＲ,1/204.2,204.2,7,4,57.1,3,3,14,2,0,2026-08-13,2026-08-21
0393,1700,ｅ無職転生~異世界行ったら本気だす,図柄 約1/399.6,399.6,7,4,57.1,3,3,46,6.57,0,2026-08-13,2026-08-21
0409,1397,ｅ新世紀エヴァンゲリオン１７,図柄 約1/399.9,399.9,7,4,57.1,3,3,25,3.57,0,2026-08-13,2026-08-21
0429,1466,ｅフィーバーダンベル何キロ持てる２Ｆ,1/149.9,149.9,7,4,57.1,3,3,35,5,0,2026-08-13,2026-08-21
0432,1625,ｅとある科学の超電磁砲 ＬＴＲＳＹ,1/169.7,169.7,7,4,57.1,3,3,31,4.43,0,2026-08-13,2026-08-21
0446,1617,ｅ／ガンゲイル・オンライン／Ｍ０８,1/319.9,319.9,7,4,57.1,3,3,28,4,0,2026-08-13,2026-08-21
0183,1620,Ｐ戦国乙女７Ｈ０ＹＺ３,約1/299.2,299.2,7,3,42.9,3,3,20,2.86,2,2026-08-13,2026-08-21
0248,1229,Ｐスーパー海物語ＩＮ沖縄６ＬＴＰ,約1/319.6,319.6,7,3,42.9,3,3,65,9.29,2,2026-08-13,2026-08-21
0257,818,ｅソードアート・オンライン~閃光の軌跡~Ｋ７,約1/199.9,199.9,7,3,42.9,3,3,15,2.14,1,2026-08-13,2026-08-21
0272,956,ｅ東京喰種Ｗ,図柄 約1/399.9,399.9,7,3,42.9,3,3,64,9.14,7,2026-08-13,2026-08-21
0276,956,ｅ東京喰種Ｗ,図柄 約1/399.9,399.9,7,3,42.9,3,3,109,15.57,14,2026-08-13,2026-08-21
0304,233,ｅぱちんこソードアート・オンラインＫ１２,約1/319.9,319.9,7,3,42.9,3,3,23,3.29,1,2026-08-13,2026-08-21
0305,1740,ｅ七つの大罪３ＧＦＥＡ,1/319.7,319.7,7,3,42.9,3,3,30,4.29,2,2026-08-13,2026-08-21
0314,1561,ｅひきこまり吸血姫の悶々ＦＨＶ,大当り 1/348.5,348.5,7,3,42.9,3,3,41,5.86,2,2026-08-13,2026-08-21
0317,1561,ｅひきこまり吸血姫の悶々ＦＨＶ,大当り 1/348.5,348.5,7,3,42.9,3,3,45,6.43,5,2026-08-13,2026-08-21
0333,1165,ｅ牙狼１２ＸＸ－ＭＪ,図柄 約1/437,437.0,7,3,42.9,3,3,57,8.14,2,2026-08-13,2026-08-21
0343,1165,ｅ牙狼１２ＸＸ－ＭＪ,図柄 約1/437,437.0,7,3,42.9,3,3,51,7.29,6,2026-08-13,2026-08-21
0346,1188,ｅ女神のカフェテラスＪＬＺ,図柄 1/399,399.0,7,3,42.9,3,3,64,9.14,1,2026-08-13,2026-08-21
0347,1188,ｅ女神のカフェテラスＪＬＺ,図柄 1/399,399.0,7,3,42.9,3,3,77,11,9,2026-08-13,2026-08-21
0358,1701,ｅ虚構推理ＭＨＪＴ,1/319.7,319.7,7,3,42.9,3,3,34,4.86,4,2026-08-13,2026-08-21
0370,104,Ｐ新世紀エヴァンゲリオン１５ 未来への咆哮,約1/319.7,319.7,7,3,42.9,3,3,36,5.14,1,2026-08-13,2026-08-21
0383,1527,ｅフィーバーキン肉マン,図柄 約1/399.9,399.9,7,3,42.9,3,3,14,2,1,2026-08-13,2026-08-21
0385,1615,ｅフィーバーデッドマウント・デスプレイＴ,約1/349.9,349.9,7,3,42.9,3,3,28,4,1,2026-08-13,2026-08-21
0392,1700,ｅ無職転生~異世界行ったら本気だす,図柄 約1/399.6,399.6,7,3,42.9,3,3,37,5.29,2,2026-08-13,2026-08-21
0394,1700,ｅ無職転生~異世界行ったら本気だす,図柄 約1/399.6,399.6,7,3,42.9,3,3,40,5.71,4,2026-08-13,2026-08-21
0407,1397,ｅ新世紀エヴァンゲリオン１７,図柄 約1/399.9,399.9,7,3,42.9,3,3,26,3.71,2,2026-08-13,2026-08-21
0410,1397,ｅ新世紀エヴァンゲリオン１７,図柄 約1/399.9,399.9,7,3,42.9,3,3,10,1.43,1,2026-08-13,2026-08-21
0430,1616,ｅメイヒテンセイＣＭＰ,1/199.8,199.8,7,3,42.9,3,3,29,4.14,1,2026-08-13,2026-08-21
0438,1710,ｅ甲鉄城のカバネリ２ＧＦＥＡ,1/319.7,319.7,7,3,42.9,3,3,66,9.43,1,2026-08-13,2026-08-21
0182,1423,Ｐ閃乱カグラＬＴＮ－ＦＳ,1/189.4,189.4,7,6,85.7,1,5,2,0.29,0,2026-08-13,2026-08-21
0296,233,ｅぱちんこソードアート・オンラインＫ１２,約1/319.9,319.9,7,5,71.4,1,2,15,2.14,0,2026-08-13,2026-08-21
0380,1580,ｅバイオハザード６ＡＰＮ,約1/159.9,159.9,7,5,71.4,1,3,8,1.14,0,2026-08-13,2026-08-21
0436,1424,ｅバキ２ＬＢＭ４,1/199.8,199.8,7,5,71.4,1,3,17,2.43,0,2026-08-13,2026-08-21
0302,233,ｅぱちんこソードアート・オンラインＫ１２,約1/319.9,319.9,7,4,57.1,1,1,11,1.57,0,2026-08-13,2026-08-21
0382,1527,ｅフィーバーキン肉マン,図柄 約1/399.9,399.9,7,4,57.1,1,2,15,2.14,0,2026-08-13,2026-08-21
0388,1562,ｅカケグルイ~生か死か~ＬＴＴ－ＫＲ,1/204.2,204.2,7,4,57.1,1,2,21,3,0,2026-08-13,2026-08-21
0428,1745,ｅ魔法少女まどか☆マギカ３ＬＰＭ１,1/319.9,319.9,7,4,57.1,1,2,37,5.29,0,2026-08-13,2026-08-21
0433,1746,ｅフィーバーもののがたりＦ,1/149.9,149.9,7,4,57.1,1,2,36,5.14,0,2026-08-13,2026-08-21
0439,1564,ｅギンパラＶＩＶＡＦＥＳＴＡＨＴＡ２,約1/319.6,319.6,7,4,57.1,1,2,27,3.86,0,2026-08-13,2026-08-21
0184,1620,Ｐ戦国乙女７Ｈ０ＹＺ３,約1/299.2,299.2,7,3,42.9,1,1,29,4.14,1,2026-08-13,2026-08-21
0185,1621,ＰウルトラマンメビウスＭ４,約1/319.9,319.9,7,3,42.9,1,1,12,1.71,1,2026-08-13,2026-08-21
0233,1560,Ｐ大海物語５ＭＴＥ２,約1/319.6,319.6,7,3,42.9,1,1,31,4.43,1,2026-08-13,2026-08-21
0259,818,ｅソードアート・オンライン~閃光の軌跡~Ｋ７,約1/199.9,199.9,7,3,42.9,1,1,19,2.71,1,2026-08-13,2026-08-21
0307,1705,ｅとある魔術の禁書目録 最狂ＲＲＡ,1/253.9,253.9,7,3,42.9,1,1,26,3.71,2,2026-08-13,2026-08-21
0391,1700,ｅ無職転生~異世界行ったら本気だす,図柄 約1/399.6,399.6,7,3,42.9,1,1,58,8.29,2,2026-08-13,2026-08-21
0399,1702,ｅ必殺仕事人ⅥＭ２,約1/319.9,319.9,7,3,42.9,1,1,15,2.14,1,2026-08-13,2026-08-21
0400,1702,ｅ必殺仕事人ⅥＭ２,約1/319.9,319.9,7,3,42.9,1,2,31,4.43,3,2026-08-13,2026-08-21
0427,1706,ｅ魔法少女リリカルなのはＨＴＥＺ２,大当り 1/348.5,348.5,7,3,42.9,1,1,24,3.43,1,2026-08-13,2026-08-21
0431,1233,eガールズ＆パンツァー3LAH1,1/199.8,199.8,7,3,42.9,1,2,9,1.29,1,2026-08-13,2026-08-21
0434,1565,ｅアズールレーンＴＨＥ ＡＮＩＭＡＴＩＯＮ２Ｋ６,1/169.9,169.9,7,3,42.9,1,1,20,2.86,1,2026-08-13,2026-08-21
0447,1712,ｅ／押忍番長漢の頂／Ｌ０９,1/179.5,179.5,7,3,42.9,1,2,19,2.71,1,2026-08-13,2026-08-21
0449,1168,ｅ黄門ちゃま９ＨＣ３,図柄 1/399.8,399.8,7,3,42.9,1,1,9,1.29,1,2026-08-13,2026-08-21
0451,1357,ｅ地獄少女７５００Ｖｅｒ．ＲＨＺ,大当り 1/349,349.0,7,3,42.9,1,2,50,7.14,1,2026-08-13,2026-08-21
0158,1567,ＰＡフィーバークィーンⅡＹＳ,1/99.9,99.9,7,2,28.6,1,1,78,11.14,13,2026-08-13,2026-08-21
0161,730,Ｐ弾球黙示録カイジ沼５Ｖ２Ａ,1/79.9,79.9,7,2,28.6,1,1,89,12.71,11,2026-08-13,2026-08-21
0164,1469,Ｐ戦国乙女７Ｌ０ＹＵ１,1/99.9,99.9,7,2,28.6,1,1,170,24.29,11,2026-08-13,2026-08-21
0168,1263,ＰＳＴＥＩＮＳ；ＧＡＴＥ０Ｎ３,1/99.9,99.9,7,2,28.6,1,1,52,7.43,4,2026-08-13,2026-08-21
0171,1780,ＰフィーバーブルーロックＹ,図柄 約1/120.1,120.1,7,2,28.6,1,1,41,5.86,6,2026-08-13,2026-08-21
0173,845,Ｐ花の慶次~裂Ｎ２－ＶＣ,1/129.77,129.77,7,2,28.6,1,1,68,9.71,4,2026-08-13,2026-08-21
0175,1343,Ｐラブ嬢３Ｌ２ＹＲ３,1/129.7,129.7,7,2,28.6,1,1,153,21.86,14,2026-08-13,2026-08-21
0176,1005,Ｐフィーバー機動戦士ガンダムユニコーン２,1/319.7,319.7,7,2,28.6,1,1,50,7.14,7,2026-08-13,2026-08-21
0177,562,Ｐフィーバー炎炎ノ消防隊ＹＲ,1/129.9,129.9,7,2,28.6,1,1,106,15.14,21,2026-08-13,2026-08-21
0204,1229,Ｐスーパー海物語ＩＮ沖縄６ＬＴＰ,約1/319.6,319.6,7,2,28.6,1,1,40,5.71,4,2026-08-13,2026-08-21
0213,1229,Ｐスーパー海物語ＩＮ沖縄６ＬＴＰ,約1/319.6,319.6,7,2,28.6,1,1,92,13.14,11,2026-08-13,2026-08-21
0216,1229,Ｐスーパー海物語ＩＮ沖縄６ＬＴＰ,約1/319.6,319.6,7,2,28.6,1,1,38,5.43,6,2026-08-13,2026-08-21
0218,904,ＰＡ大海物語５ＨＬＤ,約1/99.9,99.9,7,2,28.6,1,1,69,9.86,8,2026-08-13,2026-08-21
0228,97,Ｐ大海物語４スペシャルＳＣＡ,約1/199.8,199.8,7,2,28.6,1,1,92,13.14,8,2026-08-13,2026-08-21
0229,403,Ｐ大海物語５ＨＣＬ,約1/199.8,199.8,7,2,28.6,1,1,111,15.86,16,2026-08-13,2026-08-21
0234,1560,Ｐ大海物語５ＭＴＥ２,約1/319.6,319.6,7,2,28.6,1,1,37,5.29,6,2026-08-13,2026-08-21
0236,1560,Ｐ大海物語５ＭＴＥ２,約1/319.6,319.6,7,2,28.6,1,1,23,3.29,3,2026-08-13,2026-08-21
0237,1560,Ｐ大海物語５ＭＴＥ２,約1/319.6,319.6,7,2,28.6,1,1,33,4.71,3,2026-08-13,2026-08-21
0240,1229,Ｐスーパー海物語ＩＮ沖縄６ＬＴＰ,約1/319.6,319.6,7,2,28.6,1,1,59,8.43,8,2026-08-13,2026-08-21
0243,1229,Ｐスーパー海物語ＩＮ沖縄６ＬＴＰ,約1/319.6,319.6,7,2,28.6,1,1,66,9.43,10,2026-08-13,2026-08-21
0251,1229,Ｐスーパー海物語ＩＮ沖縄６ＬＴＰ,約1/319.6,319.6,7,2,28.6,1,1,35,5,4,2026-08-13,2026-08-21
0265,1737,ｅソードアート・オンライン アリシゼーションＹＫＪ１１,約1/199.9,199.9,7,2,28.6,1,1,149,21.29,24,2026-08-13,2026-08-21
0269,956,ｅ東京喰種Ｗ,図柄 約1/399.9,399.9,7,2,28.6,1,1,78,11.14,11,2026-08-13,2026-08-21
0278,956,ｅ東京喰種Ｗ,図柄 約1/399.9,399.9,7,2,28.6,1,1,43,6.14,5,2026-08-13,2026-08-21
0281,956,ｅ東京喰種Ｗ,図柄 約1/399.9,399.9,7,2,28.6,1,1,74,10.57,6,2026-08-13,2026-08-21
0285,956,ｅ東京喰種Ｗ,図柄 約1/399.9,399.9,7,2,28.6,1,1,74,10.57,13,2026-08-13,2026-08-21
0286,956,ｅ東京喰種Ｗ,図柄 約1/399.9,399.9,7,2,28.6,1,1,120,17.14,15,2026-08-13,2026-08-21
0288,956,ｅ東京喰種Ｗ,図柄 約1/399.9,399.9,7,2,28.6,1,1,56,8,7,2026-08-13,2026-08-21
0310,1503,ｅリコリス・リコイルＭ３,1/259.7,259.7,7,2,28.6,1,1,89,12.71,16,2026-08-13,2026-08-21
0313,1503,ｅリコリス・リコイルＭ３,1/259.7,259.7,7,2,28.6,1,1,175,25,29,2026-08-13,2026-08-21
0322,1738,ｅフィーバー機動戦士ガンダムＳＥＥＤ２ｂＦ,図柄 約1/399.9,399.9,7,2,28.6,1,1,79,11.29,3,2026-08-13,2026-08-21
0328,1738,ｅフィーバー機動戦士ガンダムＳＥＥＤ２ｂＦ,図柄 約1/399.9,399.9,7,2,28.6,1,1,74,10.57,11,2026-08-13,2026-08-21
0330,1738,ｅフィーバー機動戦士ガンダムＳＥＥＤ２ｂＦ,図柄 約1/399.9,399.9,7,2,28.6,1,1,72,10.29,12,2026-08-13,2026-08-21
0335,1165,ｅ牙狼１２ＸＸ－ＭＪ,図柄 約1/437,437.0,7,2,28.6,1,1,68,9.71,4,2026-08-13,2026-08-21
0336,1165,ｅ牙狼１２ＸＸ－ＭＪ,図柄 約1/437,437.0,7,2,28.6,1,1,62,8.86,2,2026-08-13,2026-08-21
0338,1165,ｅ牙狼１２ＸＸ－ＭＪ,図柄 約1/437,437.0,7,2,28.6,1,1,82,11.71,1,2026-08-13,2026-08-21
0344,1165,ｅ牙狼１２ＸＸ－ＭＪ,図柄 約1/437,437.0,7,2,28.6,1,1,117,16.71,11,2026-08-13,2026-08-21
0345,1188,ｅ女神のカフェテラスＪＬＺ,図柄 1/399,399.0,7,2,28.6,1,1,103,14.71,18,2026-08-13,2026-08-21
0348,1188,ｅ女神のカフェテラスＪＬＺ,図柄 1/399,399.0,7,2,28.6,1,1,34,4.86,4,2026-08-13,2026-08-21
0349,1188,ｅ女神のカフェテラスＪＬＺ,図柄 1/399,399.0,7,2,28.6,1,1,56,8,5,2026-08-13,2026-08-21
0362,1631,Ｐ魔法少女まどか☆マギカ３ＬＭ３,1/199.9,199.9,7,2,28.6,1,1,23,3.29,2,2026-08-13,2026-08-21
0363,127,Ｐフィーバー戦姫絶唱シンフォギア 黄金絶唱Ｎ,1/199.8,199.8,7,2,28.6,1,1,29,4.14,2,2026-08-13,2026-08-21
0366,764,Ｐとある魔術の禁書目録２ＪＭＺ,1/319.6,319.6,7,2,28.6,1,1,19,2.71,2,2026-08-13,2026-08-21
0367,1635,Ｐシン・エヴァンゲリオンＸ,約1/319.7,319.7,7,2,28.6,1,1,44,6.29,1,2026-08-13,2026-08-21
0368,104,Ｐ新世紀エヴァンゲリオン１５ 未来への咆哮,約1/319.7,319.7,7,2,28.6,1,1,66,9.43,5,2026-08-13,2026-08-21
0369,104,Ｐ新世紀エヴァンゲリオン１５ 未来への咆哮,約1/319.7,319.7,7,2,28.6,1,1,40,5.71,4,2026-08-13,2026-08-21
0384,1527,ｅフィーバーキン肉マン,図柄 約1/399.9,399.9,7,2,28.6,1,1,61,8.71,9,2026-08-13,2026-08-21
0437,1711,ｅフィーバー炎炎ノ消防隊２ＭＳ,大当り 約1/349.9,349.9,7,2,28.6,1,1,44,6.29,8,2026-08-13,2026-08-21
0442,1528,ｅエイティシックスＭＡＭ２,1/239.1,239.1,7,2,28.6,1,1,22,3.14,1,2026-08-13,2026-08-21
0443,1742,ｅアクセル・ワールドＬＭ２,約1/184.6,184.6,7,2,28.6,1,1,40,5.71,5,2026-08-13,2026-08-21
0445,1624,ｅ Ｒｅ：ゼロｓｅａｓｏｎ２Ｍ１３,1/349.9,349.9,7,2,28.6,1,1,75,10.71,13,2026-08-13,2026-08-21
0448,1744,ｅフィーバーブルーロックＭＺ,図柄 約1/399.9,399.9,7,2,28.6,1,1,48,6.86,8,2026-08-13,2026-08-21
0450,1747,ｅ真・一騎当千~軍神覚醒~ＡＭ－ＴＳ,1/319.7,319.7,7,2,28.6,1,1,37,5.29,4,2026-08-13,2026-08-21
0155,497,Ｐ北斗の拳強敵ＳＳＰＡ,約1/99.9,99.9,7,1,14.3,1,1,171,24.43,13,2026-08-13,2026-08-21
0157,1508,Ｐにゃんこ大戦争 らいとばーじょん,1/88.9,88.9,7,1,14.3,1,1,32,4.57,4,2026-08-13,2026-08-21
0162,1294,Ｐ／Ｒｅ：ゼロ鬼がかりｖｅｒ／Ａ０３,1/99.9,99.9,7,1,14.3,1,1,70,10,12,2026-08-13,2026-08-21
0170,1608,ＰＡ花の慶次~傾奇一転Ｎ,1/87.8,87.8,7,1,14.3,1,1,86,12.29,10,2026-08-13,2026-08-21
0179,452,Ｐ新世紀エヴァンゲリオン１５未来への咆哮Ｙ,1/129.8,129.8,7,1,14.3,1,1,59,8.43,8,2026-08-13,2026-08-21
0192,710,ＰＡわんわんセレブレーションＡＧＢＤ,1/99.9,99.9,7,1,14.3,1,1,108,15.43,10,2026-08-13,2026-08-21
0193,1568,Ｐ戦国無双Ｎ,1/100.9,100.9,7,1,14.3,1,1,64,9.14,5,2026-08-13,2026-08-21
0196,711,Ｐ中森明菜・歌姫伝説愛ＫＤ－ＮＳ,1/99.9,99.9,7,1,14.3,1,1,112,16,17,2026-08-13,2026-08-21
0198,1431,Ｐ黄門ちゃま９ＡＤ２,1/99.9,99.9,7,1,14.3,1,1,142,20.29,12,2026-08-13,2026-08-21
0215,1229,Ｐスーパー海物語ＩＮ沖縄６ＬＴＰ,約1/319.6,319.6,7,1,14.3,1,1,64,9.14,11,2026-08-13,2026-08-21
0274,956,ｅ東京喰種Ｗ,図柄 約1/399.9,399.9,7,1,14.3,1,1,89,12.71,9,2026-08-13,2026-08-21
0275,956,ｅ東京喰種Ｗ,図柄 約1/399.9,399.9,7,1,14.3,1,1,49,7,7,2026-08-13,2026-08-21
0309,1503,ｅリコリス・リコイルＭ３,1/259.7,259.7,7,1,14.3,1,1,125,17.86,15,2026-08-13,2026-08-21
0325,1738,ｅフィーバー機動戦士ガンダムＳＥＥＤ２ｂＦ,図柄 約1/399.9,399.9,7,1,14.3,1,1,121,17.29,11,2026-08-13,2026-08-21
0332,1165,ｅ牙狼１２ＸＸ－ＭＪ,図柄 約1/437,437.0,7,1,14.3,1,1,93,13.29,4,2026-08-13,2026-08-21
0334,1165,ｅ牙狼１２ＸＸ－ＭＪ,図柄 約1/437,437.0,7,1,14.3,1,1,92,13.14,11,2026-08-13,2026-08-21
0341,1165,ｅ牙狼１２ＸＸ－ＭＪ,図柄 約1/437,437.0,7,1,14.3,1,1,86,12.29,4,2026-08-13,2026-08-21
0350,1614,ｅ東京喰種ＭＷ,大当り 約1/349.9,349.9,7,1,14.3,1,1,105,15,8,2026-08-13,2026-08-21
0378,1704,ｅ東京リベンジャーズ聖夜決戦編ＥＲＥＣ,1/199.8,199.8,7,1,14.3,1,1,81,11.57,2,2026-08-13,2026-08-21
0405,1397,ｅ新世紀エヴァンゲリオン１７,図柄 約1/399.9,399.9,7,1,14.3,1,1,87,12.43,12,2026-08-13,2026-08-21
0375,1739,ｅエデンズゼロＡＩＮ,図柄 約1/399.9,399.9,7,6,85.7,0,6,1,0.14,0,2026-08-13,2026-08-21
0403,1353,ｅ北斗の拳１１暴凶星ＳＨＥＦ,1/399.8,399.8,7,4,57.1,0,3,29,4.14,0,2026-08-13,2026-08-21
0235,1560,Ｐ大海物語５ＭＴＥ２,約1/319.6,319.6,7,3,42.9,0,2,53,7.57,2,2026-08-13,2026-08-21
0298,233,ｅぱちんこソードアート・オンラインＫ１２,約1/319.9,319.9,7,3,42.9,0,2,28,4,1,2026-08-13,2026-08-21
0379,1580,ｅバイオハザード６ＡＰＮ,約1/159.9,159.9,7,3,42.9,0,3,28,4,3,2026-08-13,2026-08-21
0387,1562,ｅカケグルイ~生か死か~ＬＴＴ－ＫＲ,1/204.2,204.2,7,3,42.9,0,3,7,1,1,2026-08-13,2026-08-21
0390,1700,ｅ無職転生~異世界行ったら本気だす,図柄 約1/399.6,399.6,7,3,42.9,0,2,39,5.57,1,2026-08-13,2026-08-21
0404,1353,ｅ北斗の拳１１暴凶星ＳＨＥＦ,1/399.8,399.8,7,3,42.9,0,3,46,6.57,1,2026-08-13,2026-08-21
0444,1777,eｿﾞﾝ100MA,約1/199.5,199.5,3,1,33.3,0,1,31,10.33,3,2026-08-19,2026-08-21
0180,1414,Ｐゴジラ対エヴァンゲリオン２ＬＶ,約1/174.9,174.9,7,2,28.6,0,1,67,9.57,1,2026-08-13,2026-08-21
0186,1707,Ｐ織田信奈の野望全国版Ｖ４Ａ,1/249.1,249.1,7,2,28.6,0,2,32,4.57,2,2026-08-13,2026-08-21
0214,1229,Ｐスーパー海物語ＩＮ沖縄６ＬＴＰ,約1/319.6,319.6,7,2,28.6,0,1,50,7.14,8,2026-08-13,2026-08-21
0222,102,ＰＡ大海物語５ＡＲＢＣ,1/99.9,99.9,7,2,28.6,0,2,65,9.29,3,2026-08-13,2026-08-21
0223,102,ＰＡ大海物語５ＡＲＢＣ,1/99.9,99.9,7,2,28.6,0,2,63,9,8,2026-08-13,2026-08-21
0226,1355,ＰＡ海物語極ジャパンＨＢＤ,約1/99.9,99.9,7,2,28.6,0,1,62,8.86,7,2026-08-13,2026-08-21
0230,1612,ＰＡスーパー海物語ＩＮ沖縄６ＲＢＤ,約1/99.9,99.9,7,2,28.6,0,2,36,5.14,2,2026-08-13,2026-08-21
0238,1560,Ｐ大海物語５ＭＴＥ２,約1/319.6,319.6,7,2,28.6,0,1,73,10.43,11,2026-08-13,2026-08-21
0244,1229,Ｐスーパー海物語ＩＮ沖縄６ＬＴＰ,約1/319.6,319.6,7,2,28.6,0,2,52,7.43,10,2026-08-13,2026-08-21
0245,1229,Ｐスーパー海物語ＩＮ沖縄６ＬＴＰ,約1/319.6,319.6,7,2,28.6,0,1,54,7.71,8,2026-08-13,2026-08-21
0280,956,ｅ東京喰種Ｗ,図柄 約1/399.9,399.9,7,2,28.6,0,2,48,6.86,4,2026-08-13,2026-08-21
0339,1165,ｅ牙狼１２ＸＸ－ＭＪ,図柄 約1/437,437.0,7,2,28.6,0,2,76,10.86,1,2026-08-13,2026-08-21
0340,1165,ｅ牙狼１２ＸＸ－ＭＪ,図柄 約1/437,437.0,7,2,28.6,0,2,45,6.43,5,2026-08-13,2026-08-21
0374,1739,ｅエデンズゼロＡＩＮ,図柄 約1/399.9,399.9,7,2,28.6,0,1,29,4.14,1,2026-08-13,2026-08-21
0376,1704,ｅ東京リベンジャーズ聖夜決戦編ＥＲＥＣ,1/199.8,199.8,7,2,28.6,0,2,42,6,4,2026-08-13,2026-08-21
0401,1353,ｅ北斗の拳１１暴凶星ＳＨＥＦ,1/399.8,399.8,7,2,28.6,0,1,40,5.71,9,2026-08-13,2026-08-21
0408,1397,ｅ新世紀エヴァンゲリオン１７,図柄 約1/399.9,399.9,7,2,28.6,0,2,34,4.86,1,2026-08-13,2026-08-21
0165,1195,ＰＡシン・エヴァンゲリオンＹ,1/99.9,99.9,7,1,14.3,0,1,79,11.29,9,2026-08-13,2026-08-21
0172,1780,ＰフィーバーブルーロックＹ,図柄 約1/120.1,120.1,7,1,14.3,0,1,69,9.86,2,2026-08-13,2026-08-21
0174,866,シン・エヴァンゲリオン １２９ ＬＴ ｖｅｒ．,約1/129.8,129.8,7,1,14.3,0,1,80,11.43,13,2026-08-13,2026-08-21
0178,1470,Ｐ Ｒｅ：ゼロから始めるｓｅａｓｏｎ２ Ａ１０,1/129.9,129.9,7,1,14.3,0,1,167,23.86,17,2026-08-13,2026-08-21
0189,1609,ＰファインプレーＨ３,羽根モノ／役物,,7,1,14.3,0,1,39,5.57,3,2026-08-13,2026-08-21
0199,1341,ＰＡＣＹＢＯＲＧ００９Ｎ２－Ｋ,1/99.9,99.9,7,1,14.3,0,1,155,22.14,9,2026-08-13,2026-08-21
0203,1229,Ｐスーパー海物語ＩＮ沖縄６ＬＴＰ,約1/319.6,319.6,7,1,14.3,0,1,90,12.86,10,2026-08-13,2026-08-21
0205,1229,Ｐスーパー海物語ＩＮ沖縄６ＬＴＰ,約1/319.6,319.6,7,1,14.3,0,1,76,10.86,10,2026-08-13,2026-08-21
0206,1229,Ｐスーパー海物語ＩＮ沖縄６ＬＴＰ,約1/319.6,319.6,7,1,14.3,0,1,36,5.14,6,2026-08-13,2026-08-21
0208,1229,Ｐスーパー海物語ＩＮ沖縄６ＬＴＰ,約1/319.6,319.6,7,1,14.3,0,1,62,8.86,6,2026-08-13,2026-08-21
0209,1229,Ｐスーパー海物語ＩＮ沖縄６ＬＴＰ,約1/319.6,319.6,7,1,14.3,0,1,36,5.14,4,2026-08-13,2026-08-21
0210,1229,Ｐスーパー海物語ＩＮ沖縄６ＬＴＰ,約1/319.6,319.6,7,1,14.3,0,1,84,12,14,2026-08-13,2026-08-21
0211,1229,Ｐスーパー海物語ＩＮ沖縄６ＬＴＰ,約1/319.6,319.6,7,1,14.3,0,1,71,10.14,10,2026-08-13,2026-08-21
0212,1229,Ｐスーパー海物語ＩＮ沖縄６ＬＴＰ,約1/319.6,319.6,7,1,14.3,0,1,75,10.71,11,2026-08-13,2026-08-21
0225,102,ＰＡ大海物語５ＡＲＢＣ,1/99.9,99.9,7,1,14.3,0,1,46,6.57,6,2026-08-13,2026-08-21
0227,1355,ＰＡ海物語極ジャパンＨＢＤ,約1/99.9,99.9,7,1,14.3,0,1,85,12.14,13,2026-08-13,2026-08-21
0231,1612,ＰＡスーパー海物語ＩＮ沖縄６ＲＢＤ,約1/99.9,99.9,7,1,14.3,0,1,87,12.43,11,2026-08-13,2026-08-21
0232,1612,ＰＡスーパー海物語ＩＮ沖縄６ＲＢＤ,約1/99.9,99.9,7,1,14.3,0,1,107,15.29,9,2026-08-13,2026-08-21
0239,1229,Ｐスーパー海物語ＩＮ沖縄６ＬＴＰ,約1/319.6,319.6,7,1,14.3,0,1,96,13.71,11,2026-08-13,2026-08-21
0241,1229,Ｐスーパー海物語ＩＮ沖縄６ＬＴＰ,約1/319.6,319.6,7,1,14.3,0,1,72,10.29,2,2026-08-13,2026-08-21
0250,1229,Ｐスーパー海物語ＩＮ沖縄６ＬＴＰ,約1/319.6,319.6,7,1,14.3,0,1,44,6.29,6,2026-08-13,2026-08-21
0262,1737,ｅソードアート・オンライン アリシゼーションＹＫＪ１１,約1/199.9,199.9,7,1,14.3,0,1,131,18.71,16,2026-08-13,2026-08-21
0266,1737,ｅソードアート・オンライン アリシゼーションＹＫＪ１１,約1/199.9,199.9,7,1,14.3,0,1,132,18.86,14,2026-08-13,2026-08-21
0267,956,ｅ東京喰種Ｗ,図柄 約1/399.9,399.9,7,1,14.3,0,1,88,12.57,13,2026-08-13,2026-08-21
0268,956,ｅ東京喰種Ｗ,図柄 約1/399.9,399.9,7,1,14.3,0,1,60,8.57,5,2026-08-13,2026-08-21
0270,956,ｅ東京喰種Ｗ,図柄 約1/399.9,399.9,7,1,14.3,0,1,61,8.71,8,2026-08-13,2026-08-21
0271,956,ｅ東京喰種Ｗ,図柄 約1/399.9,399.9,7,1,14.3,0,1,50,7.14,3,2026-08-13,2026-08-21
0273,956,ｅ東京喰種Ｗ,図柄 約1/399.9,399.9,7,1,14.3,0,1,57,8.14,7,2026-08-13,2026-08-21
0277,956,ｅ東京喰種Ｗ,図柄 約1/399.9,399.9,7,1,14.3,0,1,118,16.86,18,2026-08-13,2026-08-21
0279,956,ｅ東京喰種Ｗ,図柄 約1/399.9,399.9,7,1,14.3,0,1,98,14,13,2026-08-13,2026-08-21
0283,956,ｅ東京喰種Ｗ,図柄 約1/399.9,399.9,7,1,14.3,0,1,95,13.57,9,2026-08-13,2026-08-21
0284,956,ｅ東京喰種Ｗ,図柄 約1/399.9,399.9,7,1,14.3,0,1,75,10.71,13,2026-08-13,2026-08-21
0287,956,ｅ東京喰種Ｗ,図柄 約1/399.9,399.9,7,1,14.3,0,1,90,12.86,7,2026-08-13,2026-08-21
0306,1740,ｅ七つの大罪３ＧＦＥＡ,1/319.7,319.7,7,1,14.3,0,1,29,4.14,4,2026-08-13,2026-08-21
0311,1503,ｅリコリス・リコイルＭ３,1/259.7,259.7,7,1,14.3,0,1,144,20.57,13,2026-08-13,2026-08-21
0312,1503,ｅリコリス・リコイルＭ３,1/259.7,259.7,7,1,14.3,0,1,77,11,6,2026-08-13,2026-08-21
0319,1738,ｅフィーバー機動戦士ガンダムＳＥＥＤ２ｂＦ,図柄 約1/399.9,399.9,7,1,14.3,0,1,96,13.71,14,2026-08-13,2026-08-21
0320,1738,ｅフィーバー機動戦士ガンダムＳＥＥＤ２ｂＦ,図柄 約1/399.9,399.9,7,1,14.3,0,1,98,14,7,2026-08-13,2026-08-21
0321,1738,ｅフィーバー機動戦士ガンダムＳＥＥＤ２ｂＦ,図柄 約1/399.9,399.9,7,1,14.3,0,1,124,17.71,17,2026-08-13,2026-08-21
0323,1738,ｅフィーバー機動戦士ガンダムＳＥＥＤ２ｂＦ,図柄 約1/399.9,399.9,7,1,14.3,0,1,123,17.57,7,2026-08-13,2026-08-21
0324,1738,ｅフィーバー機動戦士ガンダムＳＥＥＤ２ｂＦ,図柄 約1/399.9,399.9,7,1,14.3,0,1,129,18.43,9,2026-08-13,2026-08-21
0326,1738,ｅフィーバー機動戦士ガンダムＳＥＥＤ２ｂＦ,図柄 約1/399.9,399.9,7,1,14.3,0,1,126,18,13,2026-08-13,2026-08-21
0327,1738,ｅフィーバー機動戦士ガンダムＳＥＥＤ２ｂＦ,図柄 約1/399.9,399.9,7,1,14.3,0,1,89,12.71,8,2026-08-13,2026-08-21
0329,1738,ｅフィーバー機動戦士ガンダムＳＥＥＤ２ｂＦ,図柄 約1/399.9,399.9,7,1,14.3,0,1,162,23.14,21,2026-08-13,2026-08-21
0337,1165,ｅ牙狼１２ＸＸ－ＭＪ,図柄 約1/437,437.0,7,1,14.3,0,1,68,9.71,4,2026-08-13,2026-08-21
0342,1165,ｅ牙狼１２ＸＸ－ＭＪ,図柄 約1/437,437.0,7,1,14.3,0,1,60,8.57,3,2026-08-13,2026-08-21
0355,1614,ｅ東京喰種ＭＷ,大当り 約1/349.9,349.9,7,1,14.3,0,1,112,16,17,2026-08-13,2026-08-21
0361,1630,ＰフィーバーうたわれるものＺ,1/199.9,199.9,7,1,14.3,0,1,36,5.14,6,2026-08-13,2026-08-21
0371,104,Ｐ新世紀エヴァンゲリオン１５ 未来への咆哮,約1/319.7,319.7,7,1,14.3,0,1,30,4.29,3,2026-08-13,2026-08-21
0398,1702,ｅ必殺仕事人ⅥＭ２,約1/319.9,319.9,7,1,14.3,0,1,46,6.57,7,2026-08-13,2026-08-21
0402,1353,ｅ北斗の拳１１暴凶星ＳＨＥＦ,1/399.8,399.8,7,1,14.3,0,1,36,5.14,4,2026-08-13,2026-08-21
0406,1397,ｅ新世紀エヴァンゲリオン１７,図柄 約1/399.9,399.9,7,1,14.3,0,1,31,4.43,4,2026-08-13,2026-08-21
0156,714,Ｐとある科学の超電磁砲ＦＳＢ－Ｖ,1/239.2,239.2,7,0,0.0,0,0,73,10.43,9,2026-08-13,2026-08-21
0159,1359,ＰＡ野生の王国６Ｎ２,1/99.9,99.9,7,0,0.0,0,0,105,15,15,2026-08-13,2026-08-21
0163,1227,Ｐルパン三世１４Ｌ０ＹＵ１,1/100.1,100.1,7,0,0.0,0,0,91,13,12,2026-08-13,2026-08-21
0166,1779,ｅ／押忍番長漢の頂／Ａ０３,1/99.9,99.9,7,0,0.0,0,0,225,32.14,36,2026-08-13,2026-08-21
0167,1196,ＰＡアズールレーンＴＨＥ ＡＮＩＭＡＴＩＯＮ７９Ｖｅｒ,約1/79.9,79.9,7,0,0.0,0,0,84,12,8,2026-08-13,2026-08-21
0169,1607,Ｐ魔法少女まどか☆マギカ３ＭＡＪ１,1/99.9,99.9,7,0,0.0,0,0,106,15.14,13,2026-08-13,2026-08-21
0190,1610,ＰハネモノファミリースタジアムＭＤ,羽根モノ／役物,,7,0,0.0,0,0,94,13.43,10,2026-08-13,2026-08-21
0191,1611,ｅ化物語２ＧＳＥＤ,約1/99.9,99.9,7,0,0.0,0,0,59,8.43,5,2026-08-13,2026-08-21
0194,1009,Ｐデジハネ北斗の拳慈母ＳＳＰＣ,約1/79.9,79.9,7,0,0.0,0,0,209,29.86,22,2026-08-13,2026-08-21
0195,1779,ｅ／押忍番長漢の頂／Ａ０３,1/99.9,99.9,7,0,0.0,0,0,163,23.29,23,2026-08-13,2026-08-21
0197,1430,ＰＡ乗物娘２Ｎ,1/77.1,77.1,7,0,0.0,0,0,75,10.71,10,2026-08-13,2026-08-21
0200,1170,ＰＡフィーバー戦姫絶唱シンフォギア４ＡＲ,約1/99.9,99.9,7,0,0.0,0,0,50,7.14,7,2026-08-13,2026-08-21
0201,495,ＰＡフィーバーパワフルＲ,1/99.9,99.9,7,0,0.0,0,0,96,13.71,15,2026-08-13,2026-08-21
0207,1229,Ｐスーパー海物語ＩＮ沖縄６ＬＴＰ,約1/319.6,319.6,7,0,0.0,0,0,61,8.71,8,2026-08-13,2026-08-21
0217,904,ＰＡ大海物語５ＨＬＤ,約1/99.9,99.9,7,0,0.0,0,0,119,17,13,2026-08-13,2026-08-21
0219,904,ＰＡ大海物語５ＨＬＤ,約1/99.9,99.9,7,0,0.0,0,0,171,24.43,18,2026-08-13,2026-08-21
0220,904,ＰＡ大海物語５ＨＬＤ,約1/99.9,99.9,7,0,0.0,0,0,146,20.86,19,2026-08-13,2026-08-21
0224,102,ＰＡ大海物語５ＡＲＢＣ,1/99.9,99.9,7,0,0.0,0,0,89,12.71,12,2026-08-13,2026-08-21
0246,1229,Ｐスーパー海物語ＩＮ沖縄６ＬＴＰ,約1/319.6,319.6,7,0,0.0,0,0,84,12,14,2026-08-13,2026-08-21
0247,1229,Ｐスーパー海物語ＩＮ沖縄６ＬＴＰ,約1/319.6,319.6,7,0,0.0,0,0,86,12.29,9,2026-08-13,2026-08-21
0249,1229,Ｐスーパー海物語ＩＮ沖縄６ＬＴＰ,約1/319.6,319.6,7,0,0.0,0,0,70,10,11,2026-08-13,2026-08-21
0252,1229,Ｐスーパー海物語ＩＮ沖縄６ＬＴＰ,約1/319.6,319.6,7,0,0.0,0,0,97,13.86,13,2026-08-13,2026-08-21
0263,1737,ｅソードアート・オンライン アリシゼーションＹＫＪ１１,約1/199.9,199.9,7,0,0.0,0,0,155,22.14,29,2026-08-13,2026-08-21
0264,1737,ｅソードアート・オンライン アリシゼーションＹＫＪ１１,約1/199.9,199.9,7,0,0.0,0,0,144,20.57,19,2026-08-13,2026-08-21
0282,956,ｅ東京喰種Ｗ,図柄 約1/399.9,399.9,7,0,0.0,0,0,52,7.43,6,2026-08-13,2026-08-21
0289,956,ｅ東京喰種Ｗ,図柄 約1/399.9,399.9,7,0,0.0,0,0,88,12.57,10,2026-08-13,2026-08-21
0290,956,ｅ東京喰種Ｗ,図柄 約1/399.9,399.9,7,0,0.0,0,0,113,16.14,11,2026-08-13,2026-08-21
0291,1737,ｅソードアート・オンライン アリシゼーションＹＫＪ１１,約1/199.9,199.9,7,0,0.0,0,0,191,27.29,23,2026-08-13,2026-08-21
0292,1737,ｅソードアート・オンライン アリシゼーションＹＫＪ１１,約1/199.9,199.9,7,0,0.0,0,0,187,26.71,22,2026-08-13,2026-08-21
0293,1737,ｅソードアート・オンライン アリシゼーションＹＫＪ１１,約1/199.9,199.9,7,0,0.0,0,0,156,22.29,20,2026-08-13,2026-08-21
0294,1737,ｅソードアート・オンライン アリシゼーションＹＫＪ１１,約1/199.9,199.9,7,0,0.0,0,0,169,24.14,28,2026-08-13,2026-08-21
0295,1737,ｅソードアート・オンライン アリシゼーションＹＫＪ１１,約1/199.9,199.9,7,0,0.0,0,0,186,26.57,28,2026-08-13,2026-08-21
0318,1561,ｅひきこまり吸血姫の悶々ＦＨＶ,大当り 1/348.5,348.5,7,0,0.0,0,0,58,8.29,6,2026-08-13,2026-08-21
0331,1738,ｅフィーバー機動戦士ガンダムＳＥＥＤ２ｂＦ,図柄 約1/399.9,399.9,7,0,0.0,0,0,106,15.14,14,2026-08-13,2026-08-21
0351,1614,ｅ東京喰種ＭＷ,大当り 約1/349.9,349.9,7,0,0.0,0,0,77,11,8,2026-08-13,2026-08-21
0352,1614,ｅ東京喰種ＭＷ,大当り 約1/349.9,349.9,7,0,0.0,0,0,125,17.86,14,2026-08-13,2026-08-21
0353,1614,ｅ東京喰種ＭＷ,大当り 約1/349.9,349.9,7,0,0.0,0,0,85,12.14,15,2026-08-13,2026-08-21
0354,1614,ｅ東京喰種ＭＷ,大当り 約1/349.9,349.9,7,0,0.0,0,0,61,8.71,4,2026-08-13,2026-08-21
0364,1632,Ｐ／Ｒｅ：ゼロ鬼がかりｖｅｒ／Ｌ０７,1/199.8,199.8,7,0,0.0,0,0,64,9.14,10,2026-08-13,2026-08-21
0411,1397,ｅ新世紀エヴァンゲリオン１７,図柄 約1/399.9,399.9,7,0,0.0,0,0,102,14.57,16,2026-08-13,2026-08-21
